ins_id,date,close
IF1707,2017-07-04,3589.3352024922115
IF1707,2017-07-05,3639.995061728395
IF1707,2017-07-06,3634.221755725191
IF1707,2017-07-07,3628.446153846154
IF1707,2017-07-10,3634.596153846154
IF1707,2017-07-11,3661.1031645569615
IF1707,2017-07-12,3637.734080717489
IF1707,2017-07-13,3678.042617449664
IF1707,2017-07-14,3696.8348968105065
IF1707,2017-07-17,3651.713793103448
IF1707,2017-07-18,3650.077078085643
IF1707,2017-07-19,3730.00205338809
IF1707,2017-07-20,3742.898787878789
IF1708,2017-07-21,3738.264383561644
IF1708,2017-07-24,3732.860377358491
IF1708,2017-07-25,3706.0500970873786
IF1708,2017-07-26,3684.968345323741
IF1708,2017-07-27,3690.787722772277
IF1708,2017-07-28,3707.568825910931
IF1708,2017-07-31,3722.027787934186
IF1708,2017-08-01,3749.510603588907
IF1708,2017-08-02,3750.922109533468
IF1708,2017-08-03,3716.2575645756456
IF1708,2017-08-04,3694.712918660287
IF1708,2017-08-07,3715.200340715503
IF1708,2017-08-08,3717.0136452241713
IF1708,2017-08-09,3715.251403887689
IF1708,2017-08-10,3700.624116424117
IF1708,2017-08-11,3630.118707482993
IF1708,2017-08-14,3681.5259631490794
IF1708,2017-08-15,3694.8771653543295
IF1709,2017-08-17,3701.3616122840695
IF1709,2017-08-18,3705.864395229983
IF1709,2017-08-21,3720.711278195489
IF1709,2017-08-22,3729.945692883896
IF1709,2017-08-23,3740.460728744939
IF1709,2017-08-24,3724.6460348162473
IF1709,2017-08-25,3795.051420838972
IF1709,2017-08-28,3844.1191964285713
IF1709,2017-08-29,3835.6840764331214
IF1709,2017-08-30,3834.654576856649
IF1709,2017-08-31,3829.1198218262807
IF1709,2017-09-01,3836.820434782609
IF1709,2017-09-04,3842.168361581921
IF1709,2017-09-05,3856.0103671706265
IF1709,2017-09-06,3846.478608695652
IF1709,2017-09-07,3830.394256756757
IF1709,2017-09-08,3822.4662222222223
IF1709,2017-09-11,3831.469467787115
IF1709,2017-09-12,3841.447368421053
IF1709,2017-09-13,3844.902552204176
IF1709,2017-09-14,3831.2480565371034
IF1710,2017-09-15,3834.297777777778
IF1710,2017-09-18,3855.1213114754096
IF1710,2017-09-19,3823.7304940374784
IF1710,2017-09-20,3843.963636363636
IF1710,2017-09-21,3837.1972709551655
IF1710,2017-09-22,3829.4268656716417
IF1710,2017-09-25,3803.9958883994127
IF1710,2017-09-26,3813.250671785029
IF1710,2017-09-27,3819.813093289689
IF1710,2017-09-28,3829.23108974359
IF1710,2017-09-29,3846.416523235801
IF1710,2017-10-09,3890.3340122199593
IF1710,2017-10-10,3892.0921875
IF1710,2017-10-11,3902.125
IF1710,2017-10-12,3916.244202898551
IF1710,2017-10-13,3931.646184738956
IF1710,2017-10-16,3919.375655430712
IF1710,2017-10-17,3913.843496801706
IF1710,2017-10-18,3930.844606946984
IF1711,2017-10-19,3922.0230769230766
IF1711,2017-10-20,3911.6256619144606
IF1711,2017-10-23,3921.654697286013
IF1711,2017-10-24,3944.572063492063
IF1711,2017-10-25,3965.5920374707257
IF1711,2017-10-26,3991.922540983607
IF1711,2017-10-27,4016.122105263158
IF1711,2017-10-30,3980.901321585903
IF1711,2017-10-31,3993.9417821782176
IF1711,2017-11-01,3981.8947916666666
IF1711,2017-11-02,3985.104
IF1711,2017-11-03,3964.12238267148
IF1711,2017-11-06,4006.813194444444
IF1711,2017-11-07,4046.7924528301887
IF1711,2017-11-08,4045.701271186441
IF1711,2017-11-09,4078.0031595576615
IF1711,2017-11-10,4115.3113585746105
IF1711,2017-11-13,4128.700680272109
IF1711,2017-11-14,4101.137157107232
IF1711,2017-11-15,4074.6828220858897
IF1712,2017-11-16,4107.028333333334
IF1712,2017-11-17,4116.203683241252
IF1712,2017-11-20,4145.663295880149
IF1712,2017-11-21,4230.233046471601
IF1712,2017-11-22,4234.526016260163
IF1712,2017-11-23,4099.569129287599
IF1712,2017-11-24,4101.84224
IF1712,2017-11-27,4026.594547707559
IF1712,2017-11-28,4042.678102189781
IF1712,2017-11-29,4037.2503937007873
IF1712,2017-11-30,3980.994374120956
IF1712,2017-12-01,3978.67395411606
IF1712,2017-12-04,4000.702389078498
IF1712,2017-12-05,4019.2700167504186
IF1712,2017-12-06,3989.947286821705
IF1712,2017-12-07,3947.9808873720135
IF1712,2017-12-08,3997.4802841918295
IF1712,2017-12-11,4064.1836627140974
IF1712,2017-12-12,4011.8511258278154
IF1712,2017-12-13,4048.80327198364
IF1801,2017-12-14,4030.323905723906
IF1801,2017-12-15,3977.2609836065576
IF1801,2017-12-18,3986.907129798904
IF1801,2017-12-19,4043.2846511627904
IF1801,2017-12-20,4028.418277680141
IF1801,2017-12-21,4081.229260935143
IF1801,2017-12-22,4068.609983896941
IF1801,2017-12-25,4049.537142857144
IF1801,2017-12-26,4070.06936416185
IF1801,2017-12-27,3994.548776978417
IF1801,2017-12-28,4029.0535127055305
IF1801,2017-12-29,4039.885126582279
IF1801,2018-01-02,4102.530043541365
IF1801,2018-01-03,4122.059848484849
IF1801,2018-01-04,4133.945631067961
IF1801,2018-01-05,4145.742222222222
IF1801,2018-01-08,4161.935776614311
IF1801,2018-01-09,4197.918446601942
IF1801,2018-01-10,4211.882421875
IF1801,2018-01-11,4208.36746031746
IF1801,2018-01-12,4230.615209125475
IF1801,2018-01-15,4222.6367622259695
IF1801,2018-01-16,4263.150544323484
IF1801,2018-01-17,4250.586167146974
IF1801,2018-01-18,4277.1986440677965
IF1802,2018-01-19,4290.802040816327
IF1802,2018-01-22,4351.642605633803
IF1802,2018-01-23,4398.092700729927
IF1802,2018-01-24,4403.394549266247
IF1802,2018-01-25,4374.971036585366
IF1802,2018-01-26,4399.659067357513
IF1802,2018-01-29,4317.031868131868
IF1802,2018-01-30,4268.574914089348
IF1802,2018-01-31,4279.164360587002
IF1802,2018-02-01,4239.616267942583
IF1802,2018-02-02,4273.867948717948
IF1802,2018-02-05,4264.811053540587
IF1802,2018-02-06,4118.142349726776
IF1802,2018-02-07,4022.031491712708
IF1802,2018-02-08,3998.728327645051
IF1802,2018-02-09,3793.316487455197
IF1802,2018-02-12,3868.812043010752
IF1803,2018-02-13,3919.775757575758
IF1803,2018-02-14,3950.399659284498
IF1803,2018-02-22,4024.65903814262
IF1803,2018-02-23,4048.974402730376
IF1803,2018-02-26,4106.33073322933
IF1803,2018-02-27,4043.720380434783
IF1803,2018-02-28,4003.207235142119
IF1804,2018-04-03,3854.082515337423
IF1804,2018-04-04,3837.307270233197
IF1804,2018-04-09,3843.7772151898735
IF1804,2018-04-10,3925.128198757764
IF1804,2018-04-11,3932.303063063063
IF1804,2018-04-12,3892.304173106646
IF1804,2018-04-13,3862.121991701245
IF1804,2018-04-16,3797.420338983051
IF1804,2018-04-17,3738.838926174497
IF1804,2018-04-18,3757.561006289309
IF1804,2018-04-19,3811.826297577855
IF1805,2018-04-20,3760.072483221477
IF1805,2018-04-23,3748.1202072538863
IF1805,2018-04-24,3834.0740963855424
IF1805,2018-04-25,3816.8502777777776
IF1805,2018-04-26,3733.417772511848
IF1805,2018-04-27,3745.636593059937
IF1805,2018-05-02,3758.0745398773006
IF1805,2018-05-03,3787.5617647058825
IF1805,2018-05-04,3764.1154098360657
IF1805,2018-05-07,3828.792671755725
IF1805,2018-05-08,3879.074861878453
IF1805,2018-05-09,3868.0498381877023
IF1805,2018-05-10,3898.400843881857
IF1805,2018-05-11,3876.167695961995
IF1805,2018-05-14,3910.4326797385625
IF1805,2018-05-15,3924.934797297297
IF1806,2018-05-17,3842.6143312101913
IF1806,2018-05-18,3898.2676328502416
IF1806,2018-05-21,3908.770333333334
IF1806,2018-05-22,3894.38875
IF1806,2018-05-23,3836.518967741936
IF1806,2018-05-24,3805.814911242603
IF1806,2018-05-25,3791.4891364902505
IF1806,2018-05-28,3817.8089725036175
IF1806,2018-05-29,3779.138020086084
IF1806,2018-05-30,3699.6677925211097
IF1806,2018-05-31,3782.4927272727273
IF1806,2018-06-01,3750.310354223433
IF1806,2018-06-04,3786.178192252511
IF1806,2018-06-05,3825.0377952755903
IF1806,2018-06-06,3820.932427843803
IF1806,2018-06-07,3816.003677510608
IF1806,2018-06-08,3761.9407307171855
IF1806,2018-06-11,3773.935408560312
IF1806,2018-06-12,3820.817258883249
IF1806,2018-06-13,3778.10831792976
IF1806,2018-06-14,3769.508641975309
IF1807,2018-06-15,3753.115555555556
IF1807,2018-06-19,3572.79797979798
IF1807,2018-06-20,3594.962465753425
IF1807,2018-06-21,3542.6752475247526
IF1807,2018-06-22,3570.5333333333333
IF1807,2018-06-25,3509.4048407643318
IF1807,2018-06-26,3489.9636672325973
IF1807,2018-06-27,3393.6055005500552
IF1807,2018-06-28,3380.9708609271524
IF1807,2018-06-29,3476.3255528255527
IF1807,2018-07-03,3329.981818181818
IF1807,2018-07-04,3329.9981954887216
IF1807,2018-07-05,3304.509778357236
IF1807,2018-07-06,3326.3006600660065
IF1807,2018-07-09,3440.489258028793
IF1807,2018-07-10,3446.312559241706
IF1807,2018-07-11,3382.645348837209
IF1807,2018-07-12,3475.923076923077
IF1807,2018-07-13,3478.325
IF1807,2018-07-16,3461.8662452591657
IF1807,2018-07-17,3442.1414383561646
IF1807,2018-07-18,3425.8369602763387
IF1807,2018-07-19,3429.340127388535
IF1808,2018-07-20,3472.078095238095
IF1808,2018-07-23,3511.084039900249
IF1808,2018-07-24,3573.18352402746
IF1808,2018-07-25,3569.372235294118
IF1808,2018-07-26,3527.2229551451187
IF1808,2018-07-27,3519.087581699346
IF1808,2018-07-30,3501.466601941748
IF1808,2018-07-31,3512.7569390402077
IF1808,2018-08-01,3423.86018957346
IF1808,2018-08-02,3346.04
IF1808,2018-08-03,3286.505601659751
IF1808,2018-08-06,3260.8617886178863
IF1808,2018-08-07,3358.3761538461536
IF1808,2018-08-08,3300.200943396226
IF1808,2018-08-09,3387.470425321464
IF1808,2018-08-10,3397.08
IF1808,2018-08-13,3385.2012158054717
IF1808,2018-08-14,3368.904966887417
IF1808,2018-08-15,3285.493771626297
IF1809,2018-08-16,3273.996172248804
IF1809,2018-08-17,3202.1555801104973
IF1809,2018-08-20,3253.972393247269
IF1809,2018-08-21,3302.2554901960784
IF1809,2018-08-22,3297.736560247168
IF1809,2018-08-23,3303.512014787431
IF1809,2018-08-24,3308.140500736377
IF1809,2018-08-27,3395.5035677879714
IF1809,2018-08-28,3389.349614395887
IF1809,2018-08-29,3378.639310344828
IF1809,2018-08-30,3344.845707656613
IF1809,2018-08-31,3318.189220404235
IF1809,2018-09-03,3312.500115340254
IF1809,2018-09-04,3353.555467196819
IF1809,2018-09-05,3281.429136690648
IF1809,2018-09-06,3251.2541205412053
IF1809,2018-09-07,3270.434030683403
IF1809,2018-09-10,3225.70407523511
IF1809,2018-09-11,3217.9602649006624
IF1809,2018-09-13,3209.085294117647
IF1809,2018-09-14,3240.7097345132743
IF1809,2018-09-17,3207.7705636743217
IF1809,2018-09-18,3273.655769230769
IF1809,2018-09-19,3312.203576751118
IF1810,2018-09-20,3316.088588007737
IF1810,2018-09-21,3421.107858546169
IF1810,2018-09-25,3388.060552486188
IF1810,2018-09-26,3423.801454545455
IF1810,2018-09-27,3412.964983888292
IF1810,2018-09-28,3448.5271091113614
IF1810,2018-10-08,3290.3860769860767
IF1810,2018-10-09,3288.606234413965
IF1810,2018-10-10,3290.867913669065
IF1810,2018-10-11,3112.7144761904765
IF1810,2018-10-12,3169.807756232686
IF1810,2018-10-15,3120.8462025316458
IF1810,2018-10-16,3110.047437774524
IF1810,2018-10-17,3122.137087378641
IF1811,2018-10-19,3133.1317427385893
IF1811,2018-10-22,3286.259779338014
IF1811,2018-10-23,3183.282413087935
IF1811,2018-10-24,3187.663480392157
IF1811,2018-10-26,3167.6702290076337
IF1811,2018-10-29,3079.2377063423114
IF1811,2018-10-30,3113.450707290533
IF1811,2018-10-31,3154.5279296875
IF1811,2018-11-01,3176.11127348643
IF1811,2018-11-02,3304.049409780776
IF1811,2018-11-05,3263.8148409893997
IF1811,2018-11-06,3244.810189982729
IF1811,2018-11-07,3214.4387633769325
IF1811,2018-11-08,3215.168951612903
IF1811,2018-11-09,3170.724304932736
IF1811,2018-11-12,3207.914944834504
IF1811,2018-11-13,3239.789013732834
IF1811,2018-11-14,3202.8893081761007
IF1812,2018-11-15,3242.633608815427
IF1812,2018-11-16,3260.4122171945705
IF1812,2018-11-19,3295.58373493976
IF1812,2018-11-20,3222.0938411669367
IF1812,2018-11-21,3223.502032520325
IF1812,2018-11-22,3212.8469920544835
IF1812,2018-11-23,3138.806612784717
IF1812,2018-11-26,3130.2989285714284
IF1812,2018-11-27,3126.589483227561
IF1812,2018-11-28,3171.6553903345725
IF1812,2018-11-29,3138.724164724165
IF1812,2018-11-30,3168.0140350877195
IF1812,2018-12-03,3261.578027265437
IF1812,2018-12-04,3269.93928035982
IF1812,2018-12-05,3256.6813169984684
IF1812,2018-12-06,3186.2324667822068
IF1812,2018-12-07,3181.511587485516
IF1812,2018-12-10,3148.2585741811176
IF1812,2018-12-11,3162.482921219091
IF1812,2018-12-12,3171.4366545454545
IF1812,2018-12-13,3223.574505494505
IF1812,2018-12-14,3169.3721791044777
IF1812,2018-12-17,3169.102865540044
IF1812,2018-12-18,3127.07845659164
IF1812,2018-12-19,3092.010330912026
IF1901,2018-12-20,3071.154735152488
IF1901,2018-12-21,3032.7707236842107
IF1901,2018-12-24,3038.577015873016
IF1901,2018-12-25,3017.1751381215468
IF1901,2018-12-26,3003.2988823142678
IF1901,2018-12-27,2998.005961754781
IF1901,2018-12-28,2996.750678733032
IF1901,2019-01-02,2960.954462242563
IF1901,2019-01-03,2961.350679056469
IF1901,2019-01-04,3039.3153764581125
IF1901,2019-01-07,3049.67843866171
IF1901,2019-01-08,3050.0920263350404
IF1901,2019-01-09,3073.338738738739
IF1901,2019-01-10,3075.2771746239373
IF1901,2019-01-11,3098.379589689637
IF1901,2019-01-14,3070.7311493614657
IF1901,2019-01-15,3129.5353045535185
IF1901,2019-01-16,3130.24028436019
IF1901,2019-01-17,3114.549632352941
IF1902,2019-01-18,3158.3151515151512
IF1902,2019-01-21,3188.220873427091
IF1902,2019-01-22,3147.174269005848
IF1902,2019-01-23,3140.260346020761
IF1902,2019-01-24,3162.89243570348
IF1902,2019-01-25,3188.272869318182
IF1902,2019-01-28,3186.7447740113
IF1902,2019-01-29,3199.5131623931625
IF1902,2019-01-30,3178.5687100894
IF1902,2019-01-31,3205.723745318352
IF1902,2019-02-01,3257.4041006523767
IF1902,2019-02-11,3305.785703185704
IF1902,2019-02-12,3328.272785315244
IF1902,2019-02-13,3398.3530508474573
IF1903,2019-02-14,3401.858581235698
IF1903,2019-02-15,3353.0914498141265
IF1903,2019-02-18,3447.6935029532037
IF1903,2019-02-19,3441.3118219749654
IF1903,2019-02-20,3450.0139030612245
IF1903,2019-02-21,3447.039923712651
IF1903,2019-02-22,3534.6193173565725
IF1903,2019-02-25,3794.159310344828
IF1903,2019-02-26,3701.861973333333
IF1903,2019-02-27,3688.368680261639
IF1903,2019-02-28,3680.659113750571
IF1903,2019-03-01,3752.433664772727
IF1903,2019-03-04,3788.136143958869
IF1903,2019-03-05,3822.4243339254
IF1903,2019-03-06,3847.64425727412
IF1903,2019-03-07,3808.130236966825
IF1903,2019-03-08,3670.292715231788
IF1903,2019-03-11,3724.613921901528
IF1903,2019-03-12,3748.209601536246
IF1903,2019-03-13,3723.453044654939
IF1903,2019-03-14,3700.829691876751
IF1904,2019-03-15,3740.59328358209
IF1904,2019-03-18,3866.059404096834
IF1904,2019-03-19,3837.822368421053
IF1904,2019-03-20,3836.402923387097
IF1904,2019-03-21,3831.411952554744
IF1904,2019-03-22,3841.266162738995
IF1904,2019-03-25,3740.726911764706
IF1904,2019-03-26,3705.209939220593
IF1904,2019-03-27,3732.5713794585295
IF1904,2019-03-28,3722.250801131008
IF1904,2019-03-29,3877.166996466431
IF1904,2019-04-01,3979.8087912087913
IF1904,2019-04-02,3973.437264618434
IF1904,2019-04-03,4030.822882950696
IF1904,2019-04-04,4082.196321471411
IF1904,2019-04-08,4056.6517256071584
IF1904,2019-04-09,4080.230398598336
IF1904,2019-04-10,4086.367357512953
IF1904,2019-04-11,4011.7965570007655
IF1904,2019-04-12,3998.461119873817
IF1904,2019-04-15,3971.640809845177
IF1904,2019-04-16,4090.8963359407167
IF1904,2019-04-17,4082.748759305211
IF1905,2019-04-18,4071.2351063829774
IF1905,2019-04-19,4129.189698890649
IF1905,2019-04-22,4019.35501986755
IF1905,2019-04-23,4019.414451988361
IF1905,2019-04-24,4027.341057367829
IF1905,2019-04-25,3950.8351477449455
IF1905,2019-04-26,3892.38077682686
IF1905,2019-04-29,3911.572154617036
IF1905,2019-04-30,3911.088151658768
IF1905,2019-05-06,3670.1556414762745
IF1905,2019-05-07,3715.362346329469
IF1905,2019-05-08,3663.8563176895295
IF1905,2019-05-09,3595.9603875134558
IF1905,2019-05-10,3710.4
IF1905,2019-05-13,3653.230819284235
IF1905,2019-05-14,3639.495316804408
IF1905,2019-05-15,3712.609989142237
IF1906,2019-05-16,3733.883753258037
IF1906,2019-05-17,3617.306999307
IF1906,2019-05-20,3588.391339818011
IF1906,2019-05-21,3628.760431654676
IF1906,2019-05-22,3619.4996100857816
IF1906,2019-05-23,3560.5194980694982
IF1906,2019-05-24,3569.694910065059
IF1906,2019-05-27,3606.094412067193
IF1906,2019-05-28,3621.2205242114615
IF1906,2019-05-29,3629.594583921016
IF1906,2019-05-30,3616.748554533509
IF1906,2019-05-31,3597.100284360189
IF1906,2019-06-03,3613.8283697047495
IF1906,2019-06-04,3585.348671726755
IF1906,2019-06-05,3578.4337097684925
IF1906,2019-06-06,3547.3297452046945
IF1906,2019-06-10,3591.6846179075105
IF1906,2019-06-11,3703.4457769181176
IF1906,2019-06-12,3676.432572298325
IF1906,2019-06-13,3669.506369426752
IF1906,2019-06-14,3642.918610679109
IF1906,2019-06-17,3651.095665515919
IF1906,2019-06-18,3660.361620658949
IF1906,2019-06-19,3717.620350609756
IF1907,2019-06-20,3822.833947623666
IF1907,2019-06-21,3813.28246079614
IF1907,2019-06-24,3813.76071265418
IF1907,2019-06-25,3772.4433225921935
IF1907,2019-06-26,3770.630192797381
IF1907,2019-06-27,3812.673779236767
IF1907,2019-06-28,3813.1662839540745
IF1907,2019-07-01,3911.519191309596
IF1907,2019-07-02,3913.1429014740106
IF1907,2019-07-03,3880.348622589532
IF1907,2019-07-04,3855.257349956509
IF1907,2019-07-05,3873.01646361541
IF1907,2019-07-08,3782.0761691402968
IF1907,2019-07-09,3770.860023355391
IF1907,2019-07-10,3770.873101869516
IF1907,2019-07-11,3770.0836187639616
IF1907,2019-07-12,3799.958049807085
IF1907,2019-07-15,3817.7974861739567
IF1907,2019-07-16,3803.99799651568
IF1907,2019-07-17,3798.114953271028
IF1907,2019-07-18,3772.474436574372
IF1908,2019-07-19,3805.727552986513
IF1908,2019-07-22,3770.724840764331
IF1908,2019-07-23,3779.4315835141
IF1908,2019-07-24,3811.0233096750094
IF1908,2019-07-25,3846.008284762698
IF1908,2019-07-26,3852.668089951608
IF1908,2019-07-29,3843.594498381877
IF1908,2019-07-30,3862.332892175944
IF1908,2019-07-31,3835.610562052056
IF1908,2019-08-01,3798.264530719939
IF1908,2019-08-02,3738.3183044315992
IF1908,2019-08-05,3667.243458980044
IF1908,2019-08-06,3624.7698398576513
IF1908,2019-08-07,3600.497164667394
IF1908,2019-08-08,3638.94748603352
IF1908,2019-08-09,3620.561222339304
IF1908,2019-08-12,3672.326056338028
IF1908,2019-08-13,3652.5568917018286
IF1908,2019-08-14,3673.78388671875
IF1909,2019-08-15,3690.331395348837
IF1909,2019-08-16,3682.7725747629465
IF1909,2019-08-19,3780.344891271969
IF1909,2019-08-20,3773.792221762516
IF1909,2019-08-21,3775.026470588236
IF1909,2019-08-22,3777.730536506656
IF1909,2019-08-23,3806.4436551724143
IF1909,2019-08-26,3760.932420346562
IF1909,2019-08-27,3809.9999522216913
IF1909,2019-08-28,3795.470403587444
IF1909,2019-08-29,3780.933308687616
IF1909,2019-08-30,3790.969986979167
IF1909,2019-09-02,3833.703064230996
IF1909,2019-09-03,3836.44173290938
IF1909,2019-09-04,3882.2494264339152
IF1909,2019-09-05,3924.8839665653495
IF1909,2019-09-06,3955.096958294136
IF1909,2019-09-09,3967.095080645161
IF1909,2019-09-10,3959.1949519230766
IF1909,2019-09-11,3934.253107344633
IF1909,2019-09-12,3975.2386027235048
IF1909,2019-09-16,3960.138283828383
IF1909,2019-09-17,3890.1591520861375
IF1909,2019-09-18,3904.957375328084
IF1909,2019-09-19,3921.730312035661
IF1910,2019-09-20,3932.120289855072
IF1910,2019-09-23,3894.677946017117
IF1910,2019-09-24,3895.8249037227215
IF1910,2019-09-25,3873.186264534884
IF1910,2019-09-26,3845.88179916318
IF1910,2019-09-27,3855.015762004176
IF1910,2019-09-30,3799.385345651481
IF1910,2019-10-08,3827.673113015096
IF1910,2019-10-09,3833.573171717172
IF1910,2019-10-10,3861.236695724367
IF1910,2019-10-11,3912.1359472334193
IF1910,2019-10-14,3945.500796601169
IF1910,2019-10-15,3937.954096742349
IF1910,2019-10-16,3918.44312393888
IF1910,2019-10-17,3925.2680542986423
IF1911,2019-10-18,3880.896385542169
IF1911,2019-10-21,3866.865664997217
IF1911,2019-10-22,3878.2294779938593
IF1911,2019-10-23,3859.938659598637
IF1911,2019-10-24,3867.911441765008
IF1911,2019-10-25,3896.249025974026
IF1911,2019-10-28,3919.2348588120735
IF1911,2019-10-29,3907.434537815127
IF1911,2019-10-30,3877.9404422604425
IF1911,2019-10-31,3875.8490726429673
IF1911,2019-11-01,3955.398680872653
IF1911,2019-11-04,3974.169439071567
IF1911,2019-11-05,3998.228958051421
IF1911,2019-11-06,3983.448696757788
IF1911,2019-11-07,3988.398998887653
IF1911,2019-11-08,3973.263720073665
IF1911,2019-11-11,3908.402319859402
IF1911,2019-11-12,3899.257512116317
IF1911,2019-11-13,3899.6081235697934
IF1912,2019-11-14,3901.785530227948
IF1912,2019-11-15,3877.3772876304015
IF1912,2019-11-18,3908.756101364522
IF1912,2019-11-19,3950.636357908003
IF1912,2019-11-20,3907.3223162885206
IF1912,2019-11-21,3890.844081632653
IF1912,2019-11-22,3841.8952003173354
IF1912,2019-11-25,3873.0160147601473
IF1912,2019-11-26,3877.701405853884
IF1912,2019-11-27,3876.643089108911
IF1912,2019-11-28,3868.6213715046606
IF1912,2019-11-29,3827.287515977844
IF1912,2019-12-02,3836.968027801911
IF1912,2019-12-03,3850.8179426644174
IF1912,2019-12-04,3852.6246097337
IF1912,2019-12-05,3881.500969237252
IF1912,2019-12-06,3908.5142173002096
IF1912,2019-12-09,3901.062494073021
IF1912,2019-12-10,3904.655482166447
IF1912,2019-12-11,3909.815687955422
IF1912,2019-12-12,3899.1997409326423
IF1912,2019-12-13,3978.414895666132
IF1912,2019-12-16,3989.930455445545
IF1912,2019-12-17,4048.86820861678
IF1912,2019-12-18,4036.529780271155
IF2001,2019-12-19,4028.548361469712
IF2001,2019-12-20,4037.387991266376
IF2001,2019-12-23,3977.772258311043
IF2001,2019-12-24,4000.319001528273
IF2001,2019-12-25,4002.837465309898
IF2001,2019-12-26,4032.099424626007
IF2001,2019-12-27,4032.628871391076
IF2001,2019-12-30,4090.450662944871
IF2001,2019-12-31,4108.791562388273
IF2001,2020-01-02,4159.520437956204
IF2001,2020-01-03,4150.299268649439
IF2001,2020-01-06,4134.12202166065
IF2001,2020-01-07,4162.202054523903
IF2001,2020-01-08,4122.973815261044
IF2001,2020-01-09,4164.855379746836
IF2001,2020-01-10,4167.384568171854
IF2001,2020-01-13,4210.003592814372
IF2001,2020-01-14,4198.67358309318
IF2001,2020-01-15,4163.96513368984
IF2001,2020-01-16,4154.534485349361
IF2002,2020-01-17,4151.205241935484
IF2002,2020-01-20,4201.389120488053
IF2002,2020-01-21,4122.566365979382
IF2002,2020-01-22,4136.039479166667
IF2002,2020-01-23,3998.3347130762
IF2002,2020-02-03,3591.2
IF2002,2020-02-04,3769.0126701079303
IF2002,2020-02-05,3802.775498092412
IF2002,2020-02-06,3888.438940397352
IF2002,2020-02-07,3893.610870391486
IF2002,2020-02-10,3895.260766721044
IF2002,2020-02-11,3935.7648434238
IF2002,2020-02-12,3966.142128935532
IF2002,2020-02-13,3952.509584295613
IF2002,2020-02-14,3984.5345637583896
IF2002,2020-02-17,4076.524232081912
IF2002,2020-02-18,4049.2877380952377
IF2003,2020-02-19,4051.666949872558
IF2003,2020-02-20,4138.696299122473
IF2003,2020-02-21,4157.87581552306
IF2003,2020-02-24,4121.77149321267
IF2003,2020-02-25,4116.296701590997
IF2003,2020-02-26,4075.82626516102
IF2003,2020-02-27,4076.408986928104
IF2003,2020-02-28,3922.498249027237
IF2003,2020-03-02,4054.7881767632425
IF2003,2020-03-03,4076.696310935441
IF2003,2020-03-04,4104.477686882934
IF2003,2020-03-05,4192.712800263244
IF2003,2020-03-06,4124.877015095414
IF2003,2020-03-09,3976.992149165849
IF2003,2020-03-10,4070.615024537561
IF2003,2020-03-11,4004.5100968188094
IF2003,2020-03-12,3941.6065252854814
IF2003,2020-03-13,3893.482571428571
IF2003,2020-03-16,3697.9844676645016
IF2003,2020-03-17,3688.330779054917
IF2003,2020-03-18,3608.660381355932
IF2004,2020-03-19,3589.47194719472
IF2004,2020-03-20,3626.590466973143
IF2004,2020-03-23,3509.7994689678058
IF2004,2020-03-24,3600.627747012533
IF2004,2020-03-25,3687.763524039753
IF2004,2020-03-26,3663.108642726719
IF2004,2020-03-27,3684.048847667229
IF2004,2020-03-30,3659.267060458652
IF2004,2020-03-31,3654.336263736264
IF2004,2020-04-01,3646.819504040123
IF2004,2020-04-02,3722.7679071803855
IF2004,2020-04-03,3694.5910320284697
IF2004,2020-04-07,3776.607131280389
IF2004,2020-04-08,3763.7912594631794
IF2004,2020-04-09,3777.620111317254
IF2004,2020-04-10,3763.907428962684
IF2004,2020-04-13,3743.8638065522623
IF2004,2020-04-14,3808.678220011056
IF2004,2020-04-15,3789.8429290972495
IF2004,2020-04-16,3795.7801911381407
IF2005,2020-04-17,3849.8654292343385
IF2005,2020-04-20,3808.028648233487
IF2005,2020-04-21,3762.030508474576
IF2005,2020-04-22,3798.6414774145246
IF2005,2020-04-23,3789.2808727948
IF2005,2020-04-24,3773.474569932685
IF2005,2020-04-27,3794.711770244821
IF2005,2020-04-28,3815.8556563245834
IF2005,2020-04-29,3838.829714285714
IF2005,2020-04-30,3901.544039971449
IF2005,2020-05-06,3918.463468850541
IF2005,2020-05-07,3908.3946476360393
IF2005,2020-05-08,3950.023365890308
IF2005,2020-05-11,3950.8902036857417
IF2005,2020-05-12,3947.8093638676846
IF2005,2020-05-13,3959.017360703812
IF2006,2020-05-14,3925.3469465648855
IF2006,2020-05-15,3863.633455210237
IF2006,2020-05-18,3882.375641516661
IF2006,2020-05-19,3910.962761659934
IF2006,2020-05-20,3898.859481037924
IF2006,2020-05-21,3871.977990770323
IF2006,2020-05-22,3783.4893280632414
IF2006,2020-05-25,3792.077936962751
IF2006,2020-05-26,3827.988595484118
IF2006,2020-05-27,3809.509483705602
IF2006,2020-05-28,3815.647879042419
IF2006,2020-05-29,3819.1279757901816
IF2006,2020-06-01,3937.653126934985
IF2006,2020-06-02,3952.416903572801
IF2006,2020-06-03,3954.4678571428567
IF2006,2020-06-04,3951.893520309478
IF2006,2020-06-05,3977.2801878972095
IF2006,2020-06-08,3988.676898222941
IF2006,2020-06-09,4015.940469772815
IF2006,2020-06-10,4012.795435203095
IF2006,2020-06-11,3968.655218855218
IF2006,2020-06-12,3981.9940931465353
IF2006,2020-06-15,3931.2480032599833
IF2006,2020-06-16,4000.976233345337
IF2006,2020-06-17,4005.9937539834286
IF2007,2020-06-18,4041.3443939393937
IF2007,2020-06-19,4048.8002707825617
IF2007,2020-06-22,4051.6281076801274
IF2007,2020-06-23,4074.014054054054
IF2007,2020-06-24,4105.722170252572
IF2007,2020-06-29,4075.2255737704913
IF2007,2020-06-30,4121.781780538302
IF2007,2020-07-01,4219.153705397987
IF2007,2020-07-02,4323.202508960573
IF2007,2020-07-03,4408.492088607594
IF2007,2020-07-06,4737.084261931188
IF2007,2020-07-07,4711.226752811677
IF2007,2020-07-08,4758.291507692307
IF2007,2020-07-09,4830.989098928797
IF2007,2020-07-10,4752.255324760962
IF2007,2020-07-13,4836.232926447575
IF2007,2020-07-14,4793.571485943775
IF2007,2020-07-15,4740.52951375801
IF2008,2020-07-16,4497.53312
IF2008,2020-07-17,4526.530831099196
IF2008,2020-07-20,4643.122218575649
IF2008,2020-07-21,4657.389034564959
IF2008,2020-07-22,4679.897731364782
IF2008,2020-07-23,4687.718395680678
IF2008,2020-07-24,4468.645047840703
IF2008,2020-07-27,4497.694730035564
IF2008,2020-07-28,4528.314397140071
IF2008,2020-07-29,4671.032800798802
IF2008,2020-07-30,4639.34824917066
IF2008,2020-07-31,4660.449236234458
IF2008,2020-08-03,4739.459159159159
IF2008,2020-08-04,4756.2636577708
IF2008,2020-08-05,4742.9531366846695
IF2008,2020-08-06,4728.743923076923
IF2008,2020-08-07,4680.857653457653
IF2008,2020-08-10,4698.273973607038
IF2008,2020-08-11,4651.227441581786
IF2008,2020-08-12,4624.9642117054045
IF2008,2020-08-13,4610.316957104557
IF2008,2020-08-14,4710.465440747227
IF2008,2020-08-17,4812.309522072237
IF2008,2020-08-18,4806.117216411906
IF2008,2020-08-19,4730.419057702488
IF2009,2020-08-20,4678.611347517731
IF2009,2020-08-21,4691.720470183486
IF2009,2020-08-24,4712.297321739131
IF2009,2020-08-25,4731.359802631579
IF2009,2020-08-26,4675.565250965251
IF2009,2020-08-27,4710.577063989962
IF2009,2020-08-28,4838.446272028919
IF2009,2020-08-31,4783.079136967829
IF2009,2020-09-01,4826.490081743869
IF2009,2020-09-02,4806.75367965368
IF2009,2020-09-03,4794.488465909091
IF2009,2020-09-04,4752.347715355805
IF2009,2020-09-07,4644.904577869796
IF2009,2020-09-08,4679.949419767907
IF2009,2020-09-09,4576.811531659002
IF2009,2020-09-10,4576.018689581095
IF2009,2020-09-11,4610.7067214558265
IF2009,2020-09-14,4641.842257306013
IF2009,2020-09-15,4675.615212527964
IF2009,2020-09-16,4650.248441926346
IF2009,2020-09-17,4626.828571428571
IF2010,2020-09-18,4706.35843373494
IF2010,2020-09-21,4675.183480825959
IF2010,2020-09-22,4613.038402818555
IF2010,2020-09-23,4622.057418397626
IF2010,2020-09-24,4547.555140821174
IF2010,2020-09-25,4564.487648351648
IF2010,2020-09-28,4577.492998678997
IF2010,2020-09-29,4588.419870759289
IF2010,2020-09-30,4556.586224489795
IF2010,2020-10-09,4660.435394629781
IF2010,2020-10-13,4834.086836027714
IF2010,2020-10-14,4810.578397839784
IF2010,2020-10-15,4803.374209650583
IF2011,2020-10-16,4787.526752221125
IF2011,2020-10-19,4730.982517743743
IF2011,2020-10-20,4762.349497954629
IF2011,2020-10-21,4769.104560810811
IF2011,2020-10-22,4751.18329113924
IF2011,2020-10-23,4713.67374112876
IF2011,2020-10-26,4670.344809228039
IF2011,2020-10-27,4679.327406199021
IF2011,2020-10-28,4724.814063556458
IF2011,2020-10-29,4769.990680434207
IF2011,2020-10-30,4682.526853582554
IF2011,2020-11-02,4709.10991902834
IF2011,2020-11-03,4761.251133272893
IF2011,2020-11-04,4797.578668002003
IF2011,2020-11-05,4874.192336589031
IF2011,2020-11-06,4876.174899082569
IF2011,2020-11-09,4973.574366729678
IF2011,2020-11-10,4948.698681218736
IF2011,2020-11-11,4907.750268610898
IF2011,2020-11-12,4901.270757050966
IF2011,2020-11-13,4849.489190548014
IF2011,2020-11-16,4898.749227141734
IF2011,2020-11-17,4892.403785166241
IF2011,2020-11-18,4887.57227997228
IF2012,2020-11-19,4932.605175600739
IF2012,2020-11-20,4937.790989660266
IF2012,2020-11-23,4998.609257533396
IF2012,2020-11-24,4971.170867430442
IF2012,2020-11-25,4911.480045415839
IF2012,2020-11-26,4913.1420818145
IF2012,2020-11-27,4983.867231339333
IF2012,2020-11-30,4963.354232902033
IF2012,2020-12-01,5069.614031117398
IF2012,2020-12-02,5066.764585987261
IF2012,2020-12-03,5062.144538461539
IF2012,2020-12-04,5073.582260479042
IF2012,2020-12-07,5028.332715820674
IF2012,2020-12-08,5012.673032258064
IF2012,2020-12-09,4953.114640198512
IF2012,2020-12-10,4944.506963249516
IF2012,2020-12-11,4885.166422795533
IF2012,2020-12-14,4931.350310008857
IF2012,2020-12-15,4944.801452564685
IF2012,2020-12-16,4953.346989619377
IF2101,2020-12-17,5025.117140874393
IF2101,2020-12-18,4992.9060923554525
IF2101,2020-12-21,5041.117910447761
IF2101,2020-12-22,4964.882714874722
IF2101,2020-12-23,5004.637358560563
IF2101,2020-12-24,5000.090101187858
IF2101,2020-12-25,5045.604001311905
IF2101,2020-12-28,5065.472029934518
IF2101,2020-12-29,5051.173800738007
IF2101,2020-12-30,5113.284292821606
IF2101,2020-12-31,5219.5397251308905
IF2101,2021-01-04,5267.911236660389
IF2101,2021-01-05,5358.695923431407
IF2101,2021-01-06,5409.262242374279
IF2101,2021-01-07,5523.2194764987335
IF2101,2021-01-08,5502.85301673803
IF2101,2021-01-11,5440.4517766497465
IF2101,2021-01-12,5593.310455420142
IF2101,2021-01-13,5577.650891566265
IF2101,2021-01-14,5477.909476474486
IF2102,2021-01-15,5438.514138817481
IF2102,2021-01-18,5508.090805821796
IF2102,2021-01-19,5433.176987788331
IF2102,2021-01-20,5462.097542168675
IF2102,2021-01-21,5552.965054803352
IF2102,2021-01-22,5544.78757850663
IF2102,2021-01-25,5591.69787915166
IF2102,2021-01-26,5499.560603932585
IF2102,2021-01-27,5498.003289719626
IF2102,2021-01-28,5376.032987078794
IF2102,2021-01-29,5343.459702399028
IF2102,2021-02-01,5402.100042535091
IF2102,2021-02-02,5470.908194174757
IF2102,2021-02-03,5474.869139072848
IF2102,2021-02-04,5469.834619395204
IF2102,2021-02-05,5477.786834844304
IF2102,2021-02-08,5541.784963621665
IF2102,2021-02-09,5668.3867259918425
IF2102,2021-02-10,5802.056317280453
IF2103,2021-02-18,5751.156735751295
IF2103,2021-02-19,5746.781307230817
IF2103,2021-02-22,5582.892559458869
IF2103,2021-02-23,5563.88938486663
IF2103,2021-02-24,5423.2780745341615
IF2103,2021-02-25,5461.795213076474
IF2102,2021-02-26,5314.19829059829
IF2103,2021-03-02,5311.7262449528935
IF2103,2021-03-03,5412.618083670715
IF2103,2021-03-04,5265.090034533793
IF2103,2021-03-05,5255.565759732105
IF2103,2021-03-08,5055.775430157261
IF2103,2021-03-09,4963.273640385116
IF2103,2021-03-10,4989.337582417582
IF2103,2021-03-11,5110.084148077836
IF2103,2021-03-12,5119.273770957659
IF2103,2021-03-15,5028.928032281035
IF2103,2021-03-16,5054.637092731829
IF2103,2021-03-17,5078.321993410214
IF2103,2021-03-18,5129.766479820628
IF2104,2021-03-19,5005.533555926544
IF2104,2021-03-22,5002.418610199821
IF2104,2021-03-23,4976.629309855155
IF2104,2021-03-24,4917.744825845532
IF2104,2021-03-25,4916.938893159108
IF2104,2021-03-26,5016.102267573696
IF2104,2021-03-29,5014.448229740362
IF2104,2021-03-30,5052.907623888183
IF2104,2021-03-31,5015.2213114754095
IF2104,2021-04-01,5086.337835681999
IF2104,2021-04-02,5136.9394683026585
IF2104,2021-04-06,5103.875702247191
IF2104,2021-04-07,5072.068043602983
IF2104,2021-04-08,5088.285236022765
IF2104,2021-04-09,5024.069974337041
IF2104,2021-04-12,4954.059743463246
IF2104,2021-04-13,4947.697916666667
IF2104,2021-04-14,4976.58510368176
IF2104,2021-04-15,4950.798790810157
IF2105,2021-04-16,4963.759761549925
IF2105,2021-04-19,5069.344512644242
IF2105,2021-04-20,5067.802522522522
IF2105,2021-04-21,5070.6136230943885
IF2105,2021-04-22,5059.544955387783
IF2105,2021-04-23,5117.193701298701
IF2105,2021-04-26,5046.913096102639
IF2105,2021-04-27,5061.2609686609685
IF2105,2021-04-28,5101.902978941962
IF2105,2021-04-29,5157.64043348281
IF2105,2021-04-30,5112.2509530791785
IF2105,2021-05-06,5047.591838321026
IF2105,2021-05-07,4987.171713985278
IF2105,2021-05-10,4987.940802213002
IF2105,2021-05-11,5014.577313201704
IF2105,2021-05-12,5044.146381578948
IF2105,2021-05-13,4994.855705705706
IF2105,2021-05-14,5118.0608875739645
IF2105,2021-05-17,5185.391359492668
IF2105,2021-05-18,5188.063477771525
IF2105,2021-05-19,5173.15641025641
IF2106,2021-05-20,5183.598669623059
IF2106,2021-05-21,5108.078877400296
IF2106,2021-05-24,5132.921455223881
IF2106,2021-05-25,5314.640702524698
IF2106,2021-05-26,5315.954980694981
IF2106,2021-05-27,5333.421449275362
IF2106,2021-05-28,5312.929966534834
IF2106,2021-05-31,5321.9342754367935
IF2106,2021-06-01,5325.79575596817
IF2106,2021-06-02,5280.975086942776
IF2106,2021-06-03,5236.699245852187
IF2106,2021-06-04,5270.579604743083
IF2106,2021-06-07,5263.248489932886
IF2106,2021-06-08,5222.05304029304
IF2106,2021-06-09,5231.033475661828
IF2106,2021-06-10,5264.617015530047
IF2106,2021-06-11,5217.31762398431
IF2106,2021-06-15,5158.576761517616
IF2106,2021-06-16,5083.770544217687
IF2106,2021-06-17,5096.086607669617
IF2107,2021-06-18,5094.305743740795
IF2107,2021-06-21,5064.064625131996
IF2107,2021-06-22,5080.68845144357
IF2107,2021-06-23,5116.862701458173
IF2107,2021-06-24,5131.998535245652
IF2107,2021-06-25,5220.238320959452
IF2107,2021-06-28,5222.847850893876
IF2107,2021-06-29,5167.913934713935
IF2107,2021-06-30,5193.496601941748
IF2107,2021-07-01,5156.464119170984
IF2107,2021-07-02,5048.13442256043
IF2107,2021-07-05,5060.044534005037
IF2107,2021-07-06,5065.180209617756
IF2107,2021-07-07,5123.000717417297
IF2107,2021-07-08,5079.908669029971
IF2107,2021-07-09,5051.530836120402
IF2107,2021-07-12,5115.724059040591
IF2107,2021-07-13,5131.842620363062
IF2107,2021-07-14,5076.50847983454
IF2108,2021-07-15,5144.1348346235045
IF2108,2021-07-16,5074.774817391304
IF2108,2021-07-19,5095.71610650371
IF2108,2021-07-20,5087.793807829182
IF2108,2021-07-21,5120.172581276929
IF2108,2021-07-22,5126.92307073955
IF2108,2021-07-23,5075.841829025845
IF2108,2021-07-26,4895.287928274095
IF2108,2021-07-27,4726.805748373102
IF2108,2021-07-28,4739.1746371275785
IF2108,2021-07-29,4803.684687627603
IF2108,2021-07-30,4774.707469691044
IF2108,2021-08-02,4890.554660885723
IF2108,2021-08-03,4903.707965367966
IF2108,2021-08-04,4924.623562412342
IF2108,2021-08-05,4899.61342019544
IF2108,2021-08-06,4890.087159533074
IF2108,2021-08-09,4945.394534711964
IF2108,2021-08-10,5011.797518772446
IF2108,2021-08-11,4975.498777727478
IF2108,2021-08-12,4950.5386021014165
IF2108,2021-08-13,4932.710739614995
IF2108,2021-08-16,4934.172388955582
IF2108,2021-08-17,4830.272533136967
IF2108,2021-08-18,4880.69003021148
IF2109,2021-08-19,4852.942044257113
IF2109,2021-08-20,4721.277348066298
IF2109,2021-08-23,4790.881621435933
IF2109,2021-08-24,4852.300677392041
IF2109,2021-08-25,4850.192633928571
IF2109,2021-08-26,4775.068493150685
IF2109,2021-08-27,4797.328812166051
IF2109,2021-08-30,4775.259915060437
IF2109,2021-08-31,4772.814385556203
IF2109,2021-09-01,4855.776513026052
IF2109,2021-09-02,4856.720223820943
IF2109,2021-09-03,4835.871794871795
IF2109,2021-09-06,4914.63522833178
IF2109,2021-09-07,4984.507006071929
IF2109,2021-09-08,4959.495627757721
IF2109,2021-09-09,4957.960089186176
IF2109,2021-09-10,5016.119624470019
IF2109,2021-09-13,4984.171474617244
IF2109,2021-09-14,4919.321853832442
IF2109,2021-09-15,4868.860104399701
IF2110,2021-09-16,4814.521088435375
IF2110,2021-09-17,4847.474632352942
IF2110,2021-09-22,4812.202320185615
IF2110,2021-09-23,4839.731143114312
IF2110,2021-09-24,4856.6979835698285
IF2110,2021-09-27,4887.684315827081
IF2110,2021-09-28,4879.976105442177
IF2110,2021-09-29,4852.753678929767
IF2110,2021-09-30,4857.70159118727
IF2110,2021-10-08,4931.367156862745
IF2110,2021-10-11,4933.171518702118
IF2110,2021-10-12,4878.955159112826
IF2110,2021-10-13,4933.813344887349
IF2110,2021-10-14,4909.724087591241
IF2111,2021-10-15,4930.954042553191
IF2111,2021-10-18,4859.631972143084
IF2111,2021-10-19,4908.48821042743
IF2111,2021-10-20,4902.152258064516
IF2111,2021-10-21,4922.04896
IF2111,2021-10-22,4961.027268408551
IF2111,2021-10-25,4974.366929133858
IF2111,2021-10-26,4956.969953051644
IF2111,2021-10-27,4888.026501501501
IF2111,2021-10-28,4874.221288692356
IF2111,2021-10-29,4906.4702722323045
IF2111,2021-11-01,4892.487026406429
IF2111,2021-11-02,4837.591937700412
IF2111,2021-11-03,4818.146769740475
IF2111,2021-11-04,4863.882870981946
IF2111,2021-11-05,4853.229715762274
IF2111,2021-11-08,4845.470909090909
IF2111,2021-11-09,4840.450577019568
IF2111,2021-11-10,4808.879128856624
IF2111,2021-11-11,4896.262434554974
IF2111,2021-11-12,4893.777619047619
IF2111,2021-11-15,4891.459203036054
IF2111,2021-11-16,4886.058815612382
IF2111,2021-11-17,4880.854030769231
IF2112,2021-11-18,4835.568253968254
IF2112,2021-11-19,4892.959919839679
IF2112,2021-11-22,4906.586607142857
IF2112,2021-11-23,4907.5213849287165
IF2112,2021-11-24,4916.480947955391
IF2112,2021-11-25,4897.956174915906
IF2112,2021-11-26,4856.44207606973
IF2112,2021-11-29,4850.940563620838
IF2112,2021-11-30,4834.927225519287
IF2112,2021-12-01,4848.580388441497
IF2112,2021-12-02,4859.587991718427
IF2112,2021-12-03,4901.631849012091
IF2112,2021-12-06,4899.027044800658
IF2112,2021-12-07,4924.900497512438
IF2112,2021-12-08,5003.153485540335
IF2112,2021-12-09,5091.315508931103
IF2112,2021-12-10,5071.995509753404
IF2112,2021-12-13,5086.228429499427
IF2112,2021-12-14,5061.0883899233295
IF2112,2021-12-15,5009.906332703214
IF2112,2021-12-16,5033.266214177978
IF2201,2021-12-17,4964.724242424242
IF2201,2021-12-20,4902.391446540881
IF2201,2021-12-21,4924.97969151671
IF2201,2021-12-22,4921.456692913386
IF2201,2021-12-23,4960.432188999631
IF2201,2021-12-24,4935.709427609428
IF2201,2021-12-27,4943.875622208041
IF2201,2021-12-28,4977.197889350816
IF2201,2021-12-29,4904.271663053577
IF2201,2021-12-30,4940.381770560503
IF2201,2021-12-31,4944.994881340158
IF2201,2022-01-04,4924.866588373459
IF2201,2022-01-05,4876.598156234838
IF2201,2022-01-06,4819.971749460043
IF2201,2022-01-07,4828.511256651658
IF2201,2022-01-10,4845.268498527968
IF2201,2022-01-11,4801.344655493483
IF2201,2022-01-12,4853.375477916941
IF2201,2022-01-13,4769.863783426874
IF2201,2022-01-14,4725.191225296443
IF2201,2022-01-17,4764.891142998516
IF2201,2022-01-18,4812.475609756098
IF2201,2022-01-19,4784.707306273062
IF2202,2022-01-20,4822.025798525799
IF2202,2022-01-21,4801.462026515152
IF2202,2022-01-24,4801.616685979143
IF2202,2022-01-25,4691.290768735928
IF2202,2022-01-26,4717.905159420289
IF2202,2022-01-27,4633.830066518847
IF2202,2022-01-28,4541.722810275457
IF2202,2022-02-07,4626.578224974201
IF2202,2022-02-08,4606.901491146319
IF2202,2022-02-09,4647.615673289183
IF2202,2022-02-10,4635.441726618705
IF2202,2022-02-11,4599.728008998875
IF2202,2022-02-14,4551.187081339714
IF2202,2022-02-15,4592.269458403127
IF2202,2022-02-16,4612.667956656346
IF2203,2022-02-17,4624.8910505836575
IF2203,2022-02-18,4647.803276735181
IF2203,2022-02-21,4628.862212796042
IF2203,2022-02-22,4568.259217027747
IF2203,2022-02-23,4617.427661169415
IF2203,2022-02-24,4532.128309919115
IF2203,2022-02-25,4572.590292177191
IF2203,2022-02-28,4572.870382424736
IF2203,2022-03-01,4611.3349561053465
IF2203,2022-03-02,4576.498241308794
IF2203,2022-03-03,4546.484837705647
IF2203,2022-03-04,4500.257106491303
IF2203,2022-03-07,4340.469639584606
IF2203,2022-03-08,4236.477223140496
IF2203,2022-03-09,4197.942906815021
IF2203,2022-03-10,4267.133784860558
IF2203,2022-03-11,4304.751617647059
IF2203,2022-03-14,4168.529792615073
IF2203,2022-03-15,3951.3874108679615
IF2203,2022-03-16,4147.094836488813
IF2204,2022-03-17,4234.378611111111
IF2204,2022-03-22,4217.208864265928
IF2204,2022-03-23,4242.2872614292055
IF2204,2022-03-24,4222.544282425172
IF2204,2022-03-29,4115.962643678161
IF2204,2022-03-30,4250.196177944862
IF2204,2022-03-31,4218.93729917499
IF2204,2022-04-01,4265.366942771084
IF2204,2022-04-06,4242.077688299384
IF2204,2022-04-07,4195.218644067796
IF2204,2022-04-08,4229.459955752212
IF2204,2022-04-11,4105.175788751715
IF2204,2022-04-12,4176.673364126251
IF2204,2022-04-13,4147.58677074774
IF2205,2022-04-19,4133.49526982012
IF2205,2022-04-20,4060.116420845624
IF2205,2022-04-21,3997.818460664584
IF2205,2022-04-22,4011.224862888482
IF2205,2022-04-25,3806.357399408956
IF2205,2022-04-26,3782.981947261663
IF2205,2022-04-27,3881.908316699933
IF2205,2022-04-28,3912.098579321231
IF2205,2022-04-29,4013.111419190077
IF2205,2022-05-06,3881.5789315274646
IF2205,2022-05-09,3853.7281132861294
IF2205,2022-05-10,3911.1907172995775
IF2205,2022-05-11,3956.8393063583817
IF2205,2022-05-12,3944.0545849630594
IF2205,2022-05-13,3975.885251671946
IF2205,2022-05-16,3936.128309178744
IF2205,2022-05-17,3993.103787548977
IF2205,2022-05-18,3981.587066246057
IF2206,2022-05-19,3995.753798767967
IF2206,2022-05-20,4061.3898027314112
IF2206,2022-05-23,4016.605922746781
IF2206,2022-05-24,3940.797063369397
IF2206,2022-05-25,3958.766542499153
IF2206,2022-05-26,3969.674136715997
IF2206,2022-05-27,3982.2507236388697
IF2206,2022-05-30,4003.449735879723
IF2206,2022-05-31,4069.694678899082
IF2206,2022-06-01,4059.0409187579753
IF2206,2022-06-02,4072.182839313573
IF2206,2022-06-06,4143.142358909321
IF2206,2022-06-07,4154.482268226822
IF2206,2022-06-08,4201.134948096887
IF2206,2022-06-09,4167.813909056171
IF2206,2022-06-10,4234.790621761658
IF2206,2022-06-13,4180.289737470167
IF2206,2022-06-14,4226.954068396227
IF2206,2022-06-15,4275.991617845877
IF2206,2022-06-16,4248.994871794872
IF2207,2022-06-17,4299.185697538101
IF2207,2022-06-20,4284.527587663709
IF2207,2022-06-21,4288.323420074349
IF2207,2022-06-22,4231.469944044765
IF2207,2022-06-23,4315.512093182597
IF2207,2022-06-24,4362.7077042199
IF2207,2022-06-27,4409.564071370641
IF2207,2022-06-28,4463.089297439265
IF2207,2022-06-29,4409.306165494862
IF2207,2022-06-30,4461.230780091775
IF2207,2022-07-01,4442.430658105939
IF2207,2022-07-04,4468.262598144183
IF2207,2022-07-05,4459.543688409197
IF2207,2022-07-06,4403.7897950984325
IF2207,2022-07-07,4416.49072615923
IF2207,2022-07-13,4307.436211972522
IF2207,2022-07-14,4308.450750536097
IF2208,2022-07-21,4205.377377892031
IF2208,2022-07-22,4226.329545454545
IF2208,2022-07-25,4205.893034524531
IF2208,2022-07-26,4236.765212929708
IF2208,2022-07-27,4213.117603686635
IF2208,2022-07-28,4213.593867120954
IF2208,2022-07-29,4154.501854493581
IF2208,2022-08-01,4172.965037037037
IF2208,2022-08-02,4106.008232711306
IF2208,2022-08-03,4059.1370269215768
IF2208,2022-08-04,4092.642184964846
IF2208,2022-08-05,4154.940431148262
IF2208,2022-08-08,4142.936456211813
IF2208,2022-08-09,4148.223396226415
IF2208,2022-08-10,4104.493076923077
IF2208,2022-08-11,4194.725815217391
IF2208,2022-08-12,4195.319755351681
IF2208,2022-08-15,4184.153102625298
IF2208,2022-08-16,4173.181853281853
IF2208,2022-08-17,4214.485508291275
IF2209,2022-08-18,4178.512125162973
IF2209,2022-08-19,4140.463617171006
IF2209,2022-08-22,4169.568708609271
IF2209,2022-08-23,4152.593301013662
IF2209,2022-08-24,4076.876284829721
IF2209,2022-08-25,4113.773579545455
IF2209,2022-08-26,4108.788520534388
IF2209,2022-08-29,4084.904460431655
IF2209,2022-08-30,4074.2924306535024
IF2209,2022-08-31,4080.910674157303
IF2209,2022-09-01,4043.793634719711
IF2209,2022-09-02,4021.242575107296
IF2209,2022-09-05,4016.312055192448
IF2209,2022-09-06,4046.5239804241432
IF2209,2022-09-07,4055.5332982086406
IF2209,2022-09-08,4039.162625820569
IF2209,2022-09-09,4096.525879303961
IF2209,2022-09-13,4111.795016251354
IF2209,2022-09-14,4067.7679628554847
IF2209,2022-09-15,4029.28125
IF2210,2022-09-16,3956.014712643679
IF2210,2022-09-19,3927.8019964768055
IF2210,2022-09-20,3929.052414605418
IF2210,2022-09-21,3897.2079422382662
IF2210,2022-09-22,3870.876543209876
IF2210,2022-09-23,3863.564688279302
IF2210,2022-09-26,3840.876706392199
IF2210,2022-09-27,3891.882992125984
IF2210,2022-09-28,3835.39756097561
IF2210,2022-09-29,3836.826617179215
IF2210,2022-09-30,3808.981408920384
IF2210,2022-10-11,3728.014375
IF2210,2022-10-12,3782.9742857142855
IF2210,2022-10-13,3754.6536060279873
IF2210,2022-10-14,3841.5145016532815
IF2210,2022-10-17,3838.956803874092
IF2210,2022-10-18,3832.4187283236993
IF2210,2022-10-19,3774.466707242848
IF2211,2022-10-20,3758.3557980900414
IF2211,2022-10-21,3735.629537875179
IF2211,2022-10-24,3631.208679762448
IF2211,2022-10-25,3627.7596389426176
IF2211,2022-10-26,3655.384453781513
IF2211,2022-10-27,3634.103963239517
IF2211,2022-10-28,3546.843223443224
IF2211,2022-10-31,3506.7849353049905
IF2211,2022-11-01,3646.736277602524
IF2211,2022-11-02,3681.018650421743
IF2211,2022-11-03,3651.2635540069687
IF2211,2022-11-04,3780.917829457365
IF2211,2022-11-09,3715.7942688579856
IF2211,2022-11-10,3694.054133496632
IF2211,2022-11-11,3795.2927234927233
IF2211,2022-11-14,3794.380066079295
IF2211,2022-11-15,3867.024919441461
IF2211,2022-11-16,3839.201680672269
IF2212,2022-11-17,3818.444969378828
IF2212,2022-11-18,3812.402453385672
IF2212,2022-11-21,3779.8935422239206
IF2212,2022-11-22,3776.374573435932
IF2212,2022-11-23,3781.696907216495
IF2212,2022-11-24,3763.716101026046
IF2212,2022-11-25,3786.2333079847913
IF2212,2022-11-28,3738.792981159956
IF2212,2022-11-29,3855.579277759028
IF2212,2022-11-30,3857.948445110528
IF2212,2022-12-01,3905.380787037037
IF2212,2022-12-02,3883.570277529096
IF2212,2022-12-05,3948.007444333665
IF2212,2022-12-06,3969.3561134356114
IF2212,2022-12-07,3959.834971226206
IF2212,2022-12-08,3969.399684542587
IF2212,2022-12-09,3999.016424751719
IF2212,2022-12-12,3961.88784696174
IF2212,2022-12-13,3953.315570934256
IF2212,2022-12-14,3959.2755145493256
IF2212,2022-12-15,3951.32310101801
IF2301,2022-12-16,3938.83801369863
IF2301,2022-12-19,3912.41312200516
IF2301,2022-12-20,3851.004526275413
IF2301,2022-12-21,3846.360364741641
IF2301,2022-12-22,3854.6876674364894
IF2301,2022-12-23,3846.715822454308
IF2301,2022-12-26,3854.2908704883225
IF2301,2022-12-27,3899.388980432544
IF2301,2022-12-28,3885.579849624061
IF2301,2022-12-29,3868.978109452736
IF2301,2022-12-30,3882.1110247349834
IF2301,2023-01-03,3896.199291497976
IF2301,2023-01-04,3898.271680837149
IF2301,2023-01-05,3972.76295713724
IF2301,2023-01-06,3990.94837935174
IF2301,2023-01-09,4013.192375366569
IF2301,2023-01-10,4018.804067402673
IF2301,2023-01-11,4019.073227513228
IF2301,2023-01-12,4024.969713506139
IF2301,2023-01-13,4086.873225265512
IF2301,2023-01-16,4147.641390593048
IF2301,2023-01-17,4146.370050395969
IF2301,2023-01-18,4133.4272509960165
IF2301,2023-01-19,4159.931226765799
IF2302,2023-01-20,4180.133033707865
IF2302,2023-01-30,4207.858978409689
IF2302,2023-01-31,4171.972541567696
IF2302,2023-02-01,4197.990091463415
IF2302,2023-02-02,4185.596672403902
IF2302,2023-02-03,4142.165750736016
IF2302,2023-02-06,4084.9867261020304
IF2302,2023-02-07,4094.971753681392
IF2302,2023-02-08,4079.326737967914
IF2302,2023-02-09,4133.210745715609
IF2302,2023-02-10,4106.309309689677
IF2302,2023-02-13,4138.25559322034
IF2302,2023-02-14,4147.8425615763545
IF2302,2023-02-15,4121.445170660857
IF2303,2023-02-16,4093.88043694141
IF2303,2023-02-17,4038.269450414492
IF2303,2023-02-20,4142.542161692263
IF2303,2023-02-21,4150.573294908742
IF2303,2023-02-22,4108.805011820331
IF2303,2023-02-23,4108.581632653061
IF2303,2023-02-24,4064.775181040158
IF2303,2023-02-27,4052.224055829228
IF2303,2023-02-28,4082.932049036777
IF2303,2023-03-01,4133.861777959853
IF2303,2023-03-02,4128.273642384106
IF2303,2023-03-03,4133.730870712401
IF2303,2023-03-06,4104.815448161916
IF2303,2023-03-07,4047.994744420447
IF2303,2023-03-08,4034.090429042904
IF2303,2023-03-09,4021.612693333333
IF2303,2023-03-10,3965.15625
IF2303,2023-03-13,4009.045865302643
IF2303,2023-03-14,3986.3056641604007
IF2303,2023-03-15,3986.050159308148
IF2303,2023-03-16,3938.4290740740735
IF2304,2023-03-17,3974.46402640264
IF2304,2023-03-20,3944.32541118421
IF2304,2023-03-21,3986.4973293768544
IF2304,2023-03-22,4002.226263627354
IF2304,2023-03-23,4042.722645290581
IF2304,2023-03-24,4039.1367795059473
IF2304,2023-03-27,4018.482491582492
IF2304,2023-03-28,4010.213975011569
IF2304,2023-03-29,4010.588442437924
IF2304,2023-03-30,4052.412339688042
IF2304,2023-03-31,4063.914556106354
IF2304,2023-04-03,4091.341120757695
IF2304,2023-04-04,4111.626718885987
IF2304,2023-04-10,4112.836717062635
IF2304,2023-04-11,4103.135721812435
IF2304,2023-04-12,4097.29691011236
IF2304,2023-04-13,4075.0935483870967
IF2304,2023-04-14,4093.990613333333
IF2304,2023-04-17,4153.410254403131
IF2304,2023-04-18,4162.613273001508
IF2304,2023-04-19,4129.284798099762
IF2304,2023-04-20,4109.662093227792
IF2305,2023-04-21,4055.6242424242414
IF2305,2023-04-24,3989.524565560821
IF2305,2023-04-25,3970.617798594848
IF2305,2023-04-26,3963.385772773797
IF2305,2023-04-27,3995.235838150289
IF2305,2023-04-28,4032.660921658986
IF2305,2023-05-04,4032.350322202695
IF2305,2023-05-05,4017.340136986301
IF2305,2023-05-08,4059.943225083987
IF2305,2023-05-09,4029.145692695214
IF2305,2023-05-10,3997.93872255489
IF2305,2023-05-11,3991.48876146789
IF2305,2023-05-12,3938.06905923345
IF2305,2023-05-15,4000.6912041884816
IF2305,2023-05-16,3985.21074829932
IF2305,2023-05-17,3962.0959349593495
IF2306,2023-05-18,3955.10296010296
IF2306,2023-05-19,3938.605659423952
IF2306,2023-05-22,3957.3
IF2306,2023-05-23,3898.8154102457306
IF2306,2023-05-24,3847.1104350902015
IF2306,2023-05-25,3835.588358862145
IF2306,2023-05-26,3838.338413685847
IF2306,2023-05-29,3825.605939675174
IF2306,2023-05-30,3824.6708133971297
IF2306,2023-05-31,3791.3058171745142
IF2306,2023-06-01,3798.544691869498
IF2306,2023-06-02,3850.607351712615
IF2306,2023-06-05,3834.6924183729934
IF2306,2023-06-06,3795.5795668165097
IF2306,2023-06-07,3780.632694063927
IF2306,2023-06-08,3811.672129255626
IF2306,2023-06-09,3832.0883720930233
IF2306,2023-06-12,3833.701362397821
IF2306,2023-06-13,3862.023438256658
IF2306,2023-06-14,3861.268235294117
IF2306,2023-06-15,3923.9486522911056
IF2307,2023-06-16,3957.764653243848
IF2307,2023-06-19,3902.7425790754255
IF2307,2023-06-20,3893.573247588424
IF2307,2023-06-21,3836.76696081892
IF2307,2023-06-26,3793.22155210643
IF2307,2023-06-27,3816.9858776727992
IF2307,2023-06-28,3822.21122150789
IF2307,2023-06-29,3806.022781774581
IF2307,2023-06-30,3828.351491442543
IF2307,2023-07-03,3871.68412371134
IF2307,2023-07-04,3878.493845216332
IF2307,2023-07-05,3851.314979338843
IF2307,2023-07-06,3822.0864938608456
IF2307,2023-07-07,3807.924318658281
IF2307,2023-07-10,3825.9026298044505
IF2307,2023-07-11,3852.252669683258
IF2307,2023-07-12,3831.5426691729326
IF2307,2023-07-13,3895.301836654944
IF2307,2023-07-14,3893.597996242955
IF2307,2023-07-17,3861.6618427399903
IF2307,2023-07-18,3854.937387698687
IF2307,2023-07-19,3853.505657492354
IF2308,2023-07-20,3824.437837837837
IF2308,2023-07-21,3832.894489907256
IF2308,2023-07-24,3813.3990762124713
IF2308,2023-07-25,3924.51157635468
IF2308,2023-07-26,3916.4408040201006
IF2308,2023-07-27,3908.020379403794
IF2308,2023-07-28,4006.038628762542
IF2308,2023-07-31,4028.111531986532
IF2308,2023-08-01,4007.7727642276423
IF2308,2023-08-02,3978.91
IF2308,2023-08-03,4009.264726196349
IF2308,2023-08-04,4027.684642321161
IF2308,2023-08-07,4003.977110694184
IF2308,2023-08-08,3991.1766583541134
IF2308,2023-08-09,3981.2573452999527
IF2308,2023-08-10,3981.198885448917
IF2308,2023-08-11,3883.775363724539
IF2308,2023-08-14,3855.501234567901
IF2308,2023-08-15,3850.075320970043
IF2309,2023-08-16,3822.1001248439447
IF2309,2023-08-17,3844.969090909091
IF2309,2023-08-18,3791.084082716752
IF2309,2023-08-21,3737.110553470919
IF2309,2023-08-22,3762.251786321878
IF2309,2023-08-23,3702.561834475487
IF2309,2023-08-24,3728.8803459119495
IF2309,2023-08-25,3721.817671345995
IF2309,2023-08-28,3758.08232430788
IF2309,2023-08-29,3797.368516912402
IF2309,2023-08-30,3795.267156862745
IF2309,2023-08-31,3774.464661654136
IF2309,2023-09-01,3795.585769528229
IF2309,2023-09-04,3854.308075601375
IF2309,2023-09-05,3826.447776726584
IF2309,2023-09-06,3817.323360655738
IF2309,2023-09-07,3763.701622418879
IF2309,2023-09-08,3740.841896551724
IF2309,2023-09-11,3769.112846580407
IF2309,2023-09-12,3764.9950310559
IF2309,2023-09-13,3737.001264367816
IF2309,2023-09-14,3735.308333333333
IF2310,2023-09-15,3709.017214043035
IF2310,2023-09-18,3742.7276322822017
IF2310,2023-09-19,3735.4367305751766
IF2310,2023-09-20,3720.119155206287
IF2310,2023-09-21,3684.2740327084166
IF2310,2023-09-22,3760.16075619296
IF2310,2023-09-25,3730.684276126558
IF2310,2023-09-26,3711.52617152962
IF2310,2023-09-27,3724.481818181818
IF2310,2023-09-28,3700.569969356486
IF2310,2023-10-10,3663.283307453417
IF2310,2023-10-11,3672.3448880233695
IF2310,2023-10-12,3707.947472642001
IF2310,2023-10-13,3671.94255499154
IF2310,2023-10-16,3628.630382978724
IF2310,2023-10-17,3640.360113555713
IF2310,2023-10-18,3612.655270344074
IF2311,2023-10-19,3535.594677419356
IF2311,2023-10-20,3519.803366336634
IF2311,2023-10-23,3472.9193548387093
IF2311,2023-10-24,3489.2309649122803
IF2311,2023-10-25,3505.247925860547
IF2311,2023-10-26,3519.0367149758454
IF2311,2023-10-27,3573.177658431794
IF2311,2023-10-30,3588.767795823666
IF2311,2023-10-31,3579.1062730627305
IF2311,2023-11-01,3577.297512437811
IF2311,2023-11-02,3560.718819545235
IF2311,2023-11-03,3589.683948051948
IF2311,2023-11-06,3637.05451693852
IF2311,2023-11-07,3626.392997542998
IF2311,2023-11-08,3613.76589057043
IF2311,2023-11-09,3617.488710852149
IF2311,2023-11-10,3587.8398663697103
IF2311,2023-11-13,3585.209078404401
IF2311,2023-11-14,3585.876281112738
IF2312,2023-11-15,3610.53544973545
IF2312,2023-11-16,3577.075817490494
IF2312,2023-11-17,3570.037624521073
IF2312,2023-11-20,3582.5920948616604
IF2312,2023-11-21,3588.339028776979
IF2312,2023-11-22,3550.505772230889
IF2312,2023-11-23,3569.510985178727
IF2312,2023-11-24,3543.9962314939435
IF2312,2023-11-27,3518.170199826238
IF2312,2023-11-28,3522.9187675070025
IF2312,2023-11-29,3497.134325185972
IF2312,2023-11-30,3504.2196130167104
IF2312,2023-12-01,3484.910672358591
IF2312,2023-12-04,3460.452113222179
IF2312,2023-12-05,3378.649271620874
IF2312,2023-12-06,3390.83112494442
IF2312,2023-12-07,3386.4975530179445
IF2312,2023-12-08,3393.9244119184527
IF2312,2023-12-11,3418.687364307425
IF2312,2023-12-12,3427.88651973347
IF2312,2023-12-13,3367.940060111636
IF2312,2023-12-14,3352.720616790405
IF2401,2023-12-15,3346.278125
IF2401,2023-12-19,3342.27464
IF2401,2023-12-20,3308.5823912298733
IF2401,2023-12-21,3344.6311188811187
IF2401,2023-12-22,3351.1532854209445
IF2401,2023-12-25,3356.644662435084
IF2401,2023-12-26,3334.6799526907157
IF2401,2023-12-27,3342.643498012493
IF2401,2023-12-28,3431.3320685881067
IF2401,2023-12-29,3438.700130264872
IF2401,2024-01-02,3389.414214285714
IF2401,2024-01-03,3382.13732718894
IF2401,2024-01-04,3351.7401978417265
IF2401,2024-01-05,3333.969448373409
IF2401,2024-01-09,3291.216953316953
IF2401,2024-01-10,3278.7006451612906
IF2401,2024-01-11,3298.757737834283
IF2401,2024-01-12,3286.0544071588365
IF2401,2024-01-15,3280.6950471698115
IF2401,2024-01-16,3300.5987
IF2401,2024-01-17,3218.801005025125
IF2402,2024-01-18,3253.0238678090577
IF2402,2024-01-19,3243.2808465608464
IF2402,2024-01-22,3176.3145839924077
IF2402,2024-01-23,3212.7307363927425
IF2402,2024-01-24,3262.1290086797626
IF2402,2024-01-25,3334.5668498942914
IF2402,2024-01-26,3329.437539574853
IF2402,2024-01-29,3294.806321612011
IF2402,2024-01-30,3239.941095890411
IF2402,2024-01-31,3211.883129805518
IF2402,2024-02-01,3214.9718371837184
IF2402,2024-02-02,3164.2469328140214
IF2402,2024-02-05,3171.598858592264
IF2403,2024-02-06,3301.15326953748
IF2403,2024-02-07,3318.520526315789
IF2403,2024-02-08,3351.8294580057923
IF2403,2024-02-20,3386.817559769167
IF2403,2024-02-21,3453.9376911544227
IF2403,2024-02-22,3483.3474944567624
IF2403,2024-02-23,3486.5187706855795
IF2403,2024-02-26,3446.6592341250603
IF2403,2024-02-27,3494.9756468797564
IF2403,2024-02-28,3456.8910524241232
IF2403,2024-02-29,3515.779280688038
IF2403,2024-03-01,3540.6187768240343
IF2403,2024-03-04,3531.5738813735693
IF2403,2024-03-05,3549.6021409455843
IF2403,2024-03-06,3546.1989142236694
IF2403,2024-03-07,3524.95719406042
IF2403,2024-03-08,3540.3213829787232
IF2403,2024-03-11,3588.412317235268
IF2403,2024-03-12,3598.4826116838485
IF2403,2024-03-13,3578.942608695652
IF2403,2024-03-14,3566.3099914602903
IF2404,2024-03-15,3554.217897091723
IF2404,2024-03-18,3606.5362269015895
IF2404,2024-03-19,3582.0924686192466
IF2404,2024-03-20,3585.5534777651083
IF2404,2024-03-21,3584.139585730725
IF2404,2024-03-25,3529.4479108635096
IF2404,2024-03-26,3544.244285714285
IF2404,2024-03-27,3506.6214508580347
IF2404,2024-03-28,3524.020439963336
IF2404,2024-03-29,3539.3136027319297
IF2404,2024-04-01,3599.489669421488
IF2404,2024-04-02,3588.5463279955825
IF2404,2024-04-03,3573.284068627451
IF2404,2024-04-09,3535.157791411043
IF2404,2024-04-10,3507.257678292556
IF2404,2024-04-11,3506.335787321064
IF2404,2024-04-12,3475.100285986654
IF2404,2024-04-15,3546.115770821028
IF2404,2024-04-16,3513.2144318793758
IF2404,2024-04-17,3565.576423576424
IF2405,2024-04-18,3570.483458646617
IF2405,2024-04-19,3540.546788990826
