date,expiration,strike,call_put,opt_close_price,udl_close_price
2024-07-01,2024-07-15,537.0,Call,10.809999999999999,545.34
2024-07-01,2024-07-15,537.0,Put,1.275,545.34
2024-07-01,2024-07-15,545.0,Call,4.859999999999999,545.34
2024-07-01,2024-07-15,545.0,Put,3.36,545.34
2024-07-01,2024-07-15,556.0,Call,0.69,545.34
2024-07-01,2024-07-15,556.0,Put,10.67,545.34
2024-07-01,2024-07-15,557.0,Call,0.545,545.34
2024-07-01,2024-07-15,557.0,Put,11.665,545.34
2024-07-01,2024-07-31,380.0,Call,167.28,545.34
2024-07-01,2024-07-31,380.0,Put,0.045,545.34
2024-07-01,2024-07-31,395.0,Call,152.36,545.34
2024-07-01,2024-07-31,395.0,Put,0.055,545.34
2024-07-01,2024-07-31,410.0,Call,137.445,545.34
2024-07-01,2024-07-31,410.0,Put,0.065,545.34
2024-07-01,2024-07-31,425.0,Call,122.535,545.34
2024-07-01,2024-07-31,425.0,Put,0.08499999999999999,545.34
2024-07-01,2024-07-31,435.0,Call,112.595,545.34
2024-07-01,2024-07-31,435.0,Put,0.10500000000000001,545.34
2024-07-01,2024-07-31,450.0,Call,97.69,545.34
2024-07-01,2024-07-31,450.0,Put,0.125,545.34
2024-07-01,2024-07-31,464.0,Call,83.805,545.34
2024-07-01,2024-07-31,464.0,Put,0.165,545.34
2024-07-01,2024-07-31,477.0,Call,70.91499999999999,545.34
2024-07-01,2024-07-31,477.0,Put,0.215,545.34
2024-07-01,2024-07-31,491.0,Call,57.07,545.34
2024-07-01,2024-07-31,491.0,Put,0.305,545.34
2024-07-01,2024-07-31,502.0,Call,46.255,545.34
2024-07-01,2024-07-31,502.0,Put,0.435,545.34
2024-07-01,2024-07-31,513.0,Call,35.540000000000006,545.34
2024-07-01,2024-07-31,513.0,Put,0.705,545.34
2024-07-01,2024-07-31,524.0,Call,25.145,545.34
2024-07-01,2024-07-31,524.0,Put,1.275,545.34
2024-07-01,2024-07-31,534.0,Call,16.33,545.34
2024-07-01,2024-07-31,534.0,Put,2.425,545.34
2024-07-01,2024-07-31,545.0,Call,8.075,545.34
2024-07-01,2024-07-31,545.0,Put,5.23,545.34
2024-07-01,2024-07-31,556.0,Call,2.6500000000000004,545.34
2024-07-01,2024-07-31,556.0,Put,11.24,545.34
2024-07-01,2024-07-31,567.0,Call,0.53,545.34
2024-07-01,2024-07-31,567.0,Put,21.66,545.34
2024-07-01,2024-07-31,580.0,Call,0.07500000000000001,545.34
2024-07-01,2024-07-31,580.0,Put,34.66,545.34
2024-07-01,2024-07-31,590.0,Call,0.035,545.34
2024-07-01,2024-07-31,590.0,Put,44.655,545.34
2024-07-01,2024-07-31,600.0,Call,0.025,545.34
2024-07-01,2024-07-31,600.0,Put,54.665000000000006,545.34
2024-07-01,2024-07-31,615.0,Call,0.015,545.34
2024-07-01,2024-07-31,615.0,Put,69.66999999999999,545.34
2024-07-01,2024-07-31,625.0,Call,0.015,545.34
2024-07-01,2024-07-31,625.0,Put,79.66999999999999,545.34
2024-07-01,2024-08-30,380.0,Call,169.48,545.34
2024-07-01,2024-08-30,380.0,Put,0.14500000000000002,545.34
2024-07-01,2024-08-30,395.0,Call,154.665,545.34
2024-07-01,2024-08-30,395.0,Put,0.175,545.34
2024-07-01,2024-08-30,410.0,Call,139.85500000000002,545.34
2024-07-01,2024-08-30,410.0,Put,0.225,545.34
2024-07-01,2024-08-30,425.0,Call,125.06,545.34
2024-07-01,2024-08-30,425.0,Put,0.28500000000000003,545.34
2024-07-01,2024-08-30,435.0,Call,115.20500000000001,545.34
2024-07-01,2024-08-30,435.0,Put,0.335,545.34
2024-07-01,2024-08-30,450.0,Call,100.45,545.34
2024-07-01,2024-08-30,450.0,Put,0.425,545.34
2024-07-01,2024-08-30,464.0,Call,86.705,545.34
2024-07-01,2024-08-30,464.0,Put,0.55,545.34
2024-07-01,2024-08-30,477.0,Call,74.0,545.34
2024-07-01,2024-08-30,477.0,Put,0.72,545.34
2024-07-01,2024-08-30,491.0,Call,60.44,545.34
2024-07-01,2024-08-30,491.0,Put,1.03,545.34
2024-07-01,2024-08-30,502.0,Call,49.845,545.34
2024-07-01,2024-08-30,502.0,Put,1.43,545.34
2024-07-01,2024-08-30,513.0,Call,39.61,545.34
2024-07-01,2024-08-30,513.0,Put,2.08,545.34
2024-07-01,2024-08-30,524.0,Call,29.729999999999997,545.34
2024-07-01,2024-08-30,524.0,Put,3.145,545.34
2024-07-01,2024-08-30,534.0,Call,21.310000000000002,545.34
2024-07-01,2024-08-30,534.0,Put,4.74,545.34
2024-07-01,2024-08-30,545.0,Call,13.14,545.34
2024-07-01,2024-08-30,545.0,Put,7.71,545.34
2024-07-01,2024-08-30,556.0,Call,6.75,545.34
2024-07-01,2024-08-30,556.0,Put,12.85,545.34
2024-07-01,2024-08-30,565.0,Call,3.31,545.34
2024-07-01,2024-08-30,565.0,Put,19.675,545.34
2024-07-01,2024-08-30,580.0,Call,0.77,545.34
2024-07-01,2024-08-30,580.0,Put,34.665,545.34
2024-07-01,2024-08-30,590.0,Call,0.275,545.34
2024-07-01,2024-08-30,590.0,Put,44.67,545.34
2024-07-01,2024-08-30,600.0,Call,0.125,545.34
2024-07-01,2024-08-30,600.0,Put,54.665,545.34
2024-07-01,2024-08-30,615.0,Call,0.055,545.34
2024-07-01,2024-08-30,615.0,Put,69.67,545.34
2024-07-01,2024-08-30,625.0,Call,0.045,545.34
2024-07-01,2024-08-30,625.0,Put,79.67,545.34
2024-07-01,2024-08-30,640.0,Call,0.035,545.34
2024-07-01,2024-08-30,640.0,Put,94.66999999999999,545.34
2024-07-03,2024-07-17,500.0,Call,52.455,551.46
2024-07-03,2024-07-17,500.0,Put,0.105,551.46
2024-07-03,2024-07-17,510.0,Call,42.504999999999995,551.46
2024-07-03,2024-07-17,510.0,Put,0.13,551.46
2024-07-03,2024-07-17,520.0,Call,32.58,551.46
2024-07-03,2024-07-17,520.0,Put,0.19,551.46
2024-07-03,2024-07-17,530.0,Call,22.75,551.46
2024-07-03,2024-07-17,530.0,Put,0.33499999999999996,551.46
2024-07-03,2024-07-17,540.0,Call,13.285,551.46
2024-07-03,2024-07-17,540.0,Put,0.86,551.46
2024-07-03,2024-07-17,551.0,Call,4.645,551.46
2024-07-03,2024-07-17,551.0,Put,3.275,551.46
2024-07-03,2024-07-17,560.0,Call,1.01,551.46
2024-07-03,2024-07-17,560.0,Put,8.885,551.46
2024-07-03,2024-07-17,570.0,Call,0.1,551.46
2024-07-03,2024-07-17,570.0,Put,18.665,551.46
2024-07-03,2024-07-17,580.0,Call,0.03,551.46
2024-07-03,2024-07-17,580.0,Put,28.665,551.46
2024-07-03,2024-07-17,600.0,Call,0.02,551.46
2024-07-03,2024-07-17,600.0,Put,48.67,551.46
2024-07-03,2024-07-31,385.0,Call,168.065,551.46
2024-07-03,2024-07-31,385.0,Put,0.04,551.46
2024-07-03,2024-07-31,400.0,Call,153.13,551.46
2024-07-03,2024-07-31,400.0,Put,0.05,551.46
2024-07-03,2024-07-31,415.0,Call,138.20499999999998,551.46
2024-07-03,2024-07-31,415.0,Put,0.065,551.46
2024-07-03,2024-07-31,425.0,Call,128.26,551.46
2024-07-03,2024-07-31,425.0,Put,0.08,551.46
2024-07-03,2024-07-31,441.0,Call,112.345,551.46
2024-07-03,2024-07-31,441.0,Put,0.1,551.46
2024-07-03,2024-07-31,455.0,Call,98.425,551.46
2024-07-03,2024-07-31,455.0,Put,0.12,551.46
2024-07-03,2024-07-31,469.0,Call,84.515,551.46
2024-07-03,2024-07-31,469.0,Put,0.15000000000000002,551.46
2024-07-03,2024-07-31,483.0,Call,70.62,551.46
2024-07-03,2024-07-31,483.0,Put,0.195,551.46
2024-07-03,2024-07-31,496.0,Call,57.754999999999995,551.46
2024-07-03,2024-07-31,496.0,Put,0.27,551.46
2024-07-03,2024-07-31,507.0,Call,46.92,551.46
2024-07-03,2024-07-31,507.0,Put,0.38,551.46
2024-07-03,2024-07-31,518.0,Call,36.185,551.46
2024-07-03,2024-07-31,518.0,Put,0.59,551.46
2024-07-03,2024-07-31,529.0,Call,25.705,551.46
2024-07-03,2024-07-31,529.0,Put,1.065,551.46
2024-07-03,2024-07-31,540.0,Call,15.844999999999999,551.46
2024-07-03,2024-07-31,540.0,Put,2.185,551.46
2024-07-03,2024-07-31,551.0,Call,7.515000000000001,551.46
2024-07-03,2024-07-31,551.0,Put,4.95,551.46
2024-07-03,2024-07-31,562.0,Call,2.325,551.46
2024-07-03,2024-07-31,562.0,Put,11.245000000000001,551.46
2024-07-03,2024-07-31,575.0,Call,0.33,551.46
2024-07-03,2024-07-31,575.0,Put,23.665,551.46
2024-07-03,2024-07-31,585.0,Call,0.08499999999999999,551.46
2024-07-03,2024-07-31,585.0,Put,33.665,551.46
2024-07-03,2024-07-31,595.0,Call,0.04,551.46
2024-07-03,2024-07-31,595.0,Put,43.67,551.46
2024-07-03,2024-07-31,605.0,Call,0.03,551.46
2024-07-03,2024-07-31,605.0,Put,53.67,551.46
2024-07-03,2024-07-31,620.0,Call,0.02,551.46
2024-07-03,2024-07-31,620.0,Put,68.67,551.46
2024-07-03,2024-07-31,625.0,Call,0.02,551.46
2024-07-03,2024-07-31,625.0,Put,73.67,551.46
2024-07-03,2024-08-30,385.0,Call,170.27499999999998,551.46
2024-07-03,2024-08-30,385.0,Put,0.14,551.46
2024-07-03,2024-08-30,400.0,Call,155.44,551.46
2024-07-03,2024-08-30,400.0,Put,0.175,551.46
2024-07-03,2024-08-30,415.0,Call,140.625,551.46
2024-07-03,2024-08-30,415.0,Put,0.22,551.46
2024-07-03,2024-08-30,425.0,Call,130.75,551.46
2024-07-03,2024-08-30,425.0,Put,0.25,551.46
2024-07-03,2024-08-30,440.0,Call,115.955,551.46
2024-07-03,2024-08-30,440.0,Put,0.31,551.46
2024-07-03,2024-08-30,455.0,Call,101.17,551.46
2024-07-03,2024-08-30,455.0,Put,0.395,551.46
2024-07-03,2024-08-30,469.0,Call,87.42,551.46
2024-07-03,2024-08-30,469.0,Put,0.51,551.46
2024-07-03,2024-08-30,483.0,Call,73.72,551.46
2024-07-03,2024-08-30,483.0,Put,0.6799999999999999,551.46
2024-07-03,2024-08-30,496.0,Call,61.1,551.46
2024-07-03,2024-08-30,496.0,Put,0.94,551.46
2024-07-03,2024-08-30,507.0,Call,50.55500000000001,551.46
2024-07-03,2024-08-30,507.0,Put,1.3,551.46
2024-07-03,2024-08-30,518.0,Call,40.235,551.46
2024-07-03,2024-08-30,518.0,Put,1.895,551.46
2024-07-03,2024-08-30,529.0,Call,30.275,551.46
2024-07-03,2024-08-30,529.0,Put,2.88,551.46
2024-07-03,2024-08-30,540.0,Call,20.965,551.46
2024-07-03,2024-08-30,540.0,Put,4.5649999999999995,551.46
2024-07-03,2024-08-30,551.0,Call,12.725,551.46
2024-07-03,2024-08-30,551.0,Put,7.51,551.46
2024-07-03,2024-08-30,562.0,Call,6.445,551.46
2024-07-03,2024-08-30,562.0,Put,12.805,551.46
2024-07-03,2024-08-30,575.0,Call,2.2,551.46
2024-07-03,2024-08-30,575.0,Put,23.67,551.46
2024-07-03,2024-08-30,585.0,Call,0.815,551.46
2024-07-03,2024-08-30,585.0,Put,33.67,551.46
2024-07-03,2024-08-30,595.0,Call,0.3,551.46
2024-07-03,2024-08-30,595.0,Put,43.675,551.46
2024-07-03,2024-08-30,605.0,Call,0.14,551.46
2024-07-03,2024-08-30,605.0,Put,53.67,551.46
2024-07-03,2024-08-30,620.0,Call,0.065,551.46
2024-07-03,2024-08-30,620.0,Put,68.66499999999999,551.46
2024-07-03,2024-08-30,635.0,Call,0.04,551.46
2024-07-03,2024-08-30,635.0,Put,83.67,551.46
2024-07-03,2024-08-30,640.0,Call,0.04,551.46
2024-07-03,2024-08-30,640.0,Put,88.67500000000001,551.46
2024-07-05,2024-07-19,390.0,Call,165.16500000000002,554.64
2024-07-05,2024-07-19,390.0,Put,0.015,554.64
2024-07-05,2024-07-19,400.0,Call,155.195,554.64
2024-07-05,2024-07-19,400.0,Put,0.025,554.64
2024-07-05,2024-07-19,415.0,Call,140.24,554.64
2024-07-05,2024-07-19,415.0,Put,0.025,554.64
2024-07-05,2024-07-19,430.0,Call,125.28,554.64
2024-07-05,2024-07-19,430.0,Put,0.045,554.64
2024-07-05,2024-07-19,445.0,Call,110.32,554.64
2024-07-05,2024-07-19,445.0,Put,0.055,554.64
2024-07-05,2024-07-19,460.0,Call,95.37,554.64
2024-07-05,2024-07-19,460.0,Put,0.065,554.64
2024-07-05,2024-07-19,471.0,Call,84.41999999999999,554.64
2024-07-05,2024-07-19,471.0,Put,0.07500000000000001,554.64
2024-07-05,2024-07-19,485.0,Call,70.47,554.64
2024-07-05,2024-07-19,485.0,Put,0.095,554.64
2024-07-05,2024-07-19,499.0,Call,56.515,554.64
2024-07-05,2024-07-19,499.0,Put,0.11499999999999999,554.64
2024-07-05,2024-07-19,510.0,Call,45.57,554.64
2024-07-05,2024-07-19,510.0,Put,0.155,554.64
2024-07-05,2024-07-19,521.0,Call,34.620000000000005,554.64
2024-07-05,2024-07-19,521.0,Put,0.20500000000000002,554.64
2024-07-05,2024-07-19,532.0,Call,23.79,554.64
2024-07-05,2024-07-19,532.0,Put,0.365,554.64
2024-07-05,2024-07-19,544.0,Call,12.495,554.64
2024-07-05,2024-07-19,544.0,Put,1.0550000000000002,554.64
2024-07-05,2024-07-19,555.0,Call,4.21,554.64
2024-07-05,2024-07-19,555.0,Put,3.87,554.64
2024-07-05,2024-07-19,566.0,Call,0.575,554.64
2024-07-05,2024-07-19,566.0,Put,11.73,554.64
2024-07-05,2024-07-19,575.0,Call,0.08499999999999999,554.64
2024-07-05,2024-07-19,575.0,Put,20.689999999999998,554.64
2024-07-05,2024-07-19,590.0,Call,0.025,554.64
2024-07-05,2024-07-19,590.0,Put,35.685,554.64
2024-07-05,2024-07-19,600.0,Call,0.025,554.64
2024-07-05,2024-07-19,600.0,Put,45.685,554.64
2024-07-05,2024-07-19,610.0,Call,0.015,554.64
2024-07-05,2024-07-19,610.0,Put,55.685,554.64
2024-07-05,2024-07-19,625.0,Call,0.015,554.64
2024-07-05,2024-07-19,625.0,Put,70.695,554.64
2024-07-05,2024-07-19,640.0,Call,0.015,554.64
2024-07-05,2024-07-19,640.0,Put,85.695,554.64
2024-07-05,2024-07-19,650.0,Call,0.01,554.64
2024-07-05,2024-07-19,650.0,Put,95.695,554.64
2024-07-05,2024-08-02,390.0,Call,166.095,554.64
2024-07-05,2024-08-02,390.0,Put,0.055,554.64
2024-07-05,2024-08-02,400.0,Call,156.14499999999998,554.64
2024-07-05,2024-08-02,400.0,Put,0.065,554.64
2024-07-05,2024-08-02,420.0,Call,136.275,554.64
2024-07-05,2024-08-02,420.0,Put,0.08499999999999999,554.64
2024-07-05,2024-08-02,430.0,Call,126.33500000000001,554.64
2024-07-05,2024-08-02,430.0,Put,0.095,554.64
2024-07-05,2024-08-02,445.0,Call,111.42500000000001,554.64
2024-07-05,2024-08-02,445.0,Put,0.11499999999999999,554.64
2024-07-05,2024-08-02,460.0,Call,96.515,554.64
2024-07-05,2024-08-02,460.0,Put,0.14500000000000002,554.64
2024-07-05,2024-08-02,470.0,Call,86.58500000000001,554.64
2024-07-05,2024-08-02,470.0,Put,0.175,554.64
2024-07-05,2024-08-02,485.0,Call,71.71000000000001,554.64
2024-07-05,2024-08-02,485.0,Put,0.225,554.64
2024-07-05,2024-08-02,500.0,Call,56.875,554.64
2024-07-05,2024-08-02,500.0,Put,0.335,554.64
2024-07-05,2024-08-02,510.0,Call,47.0,554.64
2024-07-05,2024-08-02,510.0,Put,0.445,554.64
2024-07-05,2024-08-02,521.0,Call,36.285,554.64
2024-07-05,2024-08-02,521.0,Put,0.695,554.64
2024-07-05,2024-08-02,532.5,Call,25.39,554.64
2024-07-05,2024-08-02,532.5,Put,1.26,554.64
2024-07-05,2024-08-02,544.0,Call,15.25,554.64
2024-07-05,2024-08-02,544.0,Put,2.605,554.64
2024-07-05,2024-08-02,555.0,Call,7.245,554.64
2024-07-05,2024-08-02,555.0,Put,5.6850000000000005,554.64
2024-07-05,2024-08-02,565.0,Call,2.625,554.64
2024-07-05,2024-08-02,565.0,Put,11.49,554.64
2024-07-05,2024-08-02,575.0,Call,0.665,554.64
2024-07-05,2024-08-02,575.0,Put,20.7,554.64
2024-07-05,2024-08-02,590.0,Call,0.095,554.64
2024-07-05,2024-08-02,590.0,Put,35.7,554.64
2024-07-05,2024-08-02,600.0,Call,0.045,554.64
2024-07-05,2024-08-02,600.0,Put,45.7,554.64
2024-07-05,2024-08-02,610.0,Call,0.035,554.64
2024-07-05,2024-08-02,610.0,Put,55.695,554.64
2024-07-05,2024-08-02,625.0,Call,0.025,554.64
2024-07-05,2024-08-02,625.0,Put,70.695,554.64
2024-07-05,2024-08-30,390.0,Call,168.08499999999998,554.64
2024-07-05,2024-08-30,390.0,Put,0.14500000000000002,554.64
2024-07-05,2024-08-30,400.0,Call,158.19,554.64
2024-07-05,2024-08-30,400.0,Put,0.175,554.64
2024-07-05,2024-08-30,415.0,Call,143.365,554.64
2024-07-05,2024-08-30,415.0,Put,0.215,554.64
2024-07-05,2024-08-30,430.0,Call,128.54500000000002,554.64
2024-07-05,2024-08-30,430.0,Put,0.265,554.64
2024-07-05,2024-08-30,445.0,Call,113.74,554.64
2024-07-05,2024-08-30,445.0,Put,0.325,554.64
2024-07-05,2024-08-30,458.0,Call,100.935,554.64
2024-07-05,2024-08-30,458.0,Put,0.405,554.64
2024-07-05,2024-08-30,471.0,Call,88.15,554.64
2024-07-05,2024-08-30,471.0,Put,0.505,554.64
2024-07-05,2024-08-30,485.0,Call,74.435,554.64
2024-07-05,2024-08-30,485.0,Put,0.66,554.64
2024-07-05,2024-08-30,499.0,Call,60.754999999999995,554.64
2024-07-05,2024-08-30,499.0,Put,0.935,554.64
2024-07-05,2024-08-30,510.0,Call,50.215,554.64
2024-07-05,2024-08-30,510.0,Put,1.3,554.64
2024-07-05,2024-08-30,521.0,Call,39.895,554.64
2024-07-05,2024-08-30,521.0,Put,1.9049999999999998,554.64
2024-07-05,2024-08-30,532.0,Call,29.945,554.64
2024-07-05,2024-08-30,532.0,Put,2.9,554.64
2024-07-05,2024-08-30,544.0,Call,19.85,554.64
2024-07-05,2024-08-30,544.0,Put,4.8100000000000005,554.64
2024-07-05,2024-08-30,555.0,Call,11.870000000000001,554.64
2024-07-05,2024-08-30,555.0,Put,7.984999999999999,554.64
2024-07-05,2024-08-30,565.0,Call,6.33,554.64
2024-07-05,2024-08-30,565.0,Put,12.905000000000001,554.64
2024-07-05,2024-08-30,575.0,Call,2.825,554.64
2024-07-05,2024-08-30,575.0,Put,20.77,554.64
2024-07-05,2024-08-30,590.0,Call,0.65,554.64
2024-07-05,2024-08-30,590.0,Put,35.695,554.64
2024-07-05,2024-08-30,600.0,Call,0.245,554.64
2024-07-05,2024-08-30,600.0,Put,45.695,554.64
2024-07-05,2024-08-30,610.0,Call,0.11499999999999999,554.64
2024-07-05,2024-08-30,610.0,Put,55.7,554.64
2024-07-05,2024-08-30,625.0,Call,0.065,554.64
2024-07-05,2024-08-30,625.0,Put,70.7,554.64
2024-07-05,2024-08-30,640.0,Call,0.045,554.64
2024-07-05,2024-08-30,640.0,Put,85.695,554.64
2024-07-08,2024-07-19,390.0,Call,166.3,555.28
2024-07-08,2024-07-19,390.0,Put,0.015,555.28
2024-07-08,2024-07-19,405.0,Call,151.335,555.28
2024-07-08,2024-07-19,405.0,Put,0.015,555.28
2024-07-08,2024-07-19,415.0,Call,141.34,555.28
2024-07-08,2024-07-19,415.0,Put,0.015,555.28
2024-07-08,2024-07-19,430.0,Call,126.41,555.28
2024-07-08,2024-07-19,430.0,Put,0.025,555.28
2024-07-08,2024-07-19,445.0,Call,111.45,555.28
2024-07-08,2024-07-19,445.0,Put,0.035,555.28
2024-07-08,2024-07-19,460.0,Call,96.46000000000001,555.28
2024-07-08,2024-07-19,460.0,Put,0.045,555.28
2024-07-08,2024-07-19,472.0,Call,84.495,555.28
2024-07-08,2024-07-19,472.0,Put,0.055,555.28
2024-07-08,2024-07-19,486.0,Call,70.535,555.28
2024-07-08,2024-07-19,486.0,Put,0.065,555.28
2024-07-08,2024-07-19,500.0,Call,56.595,555.28
2024-07-08,2024-07-19,500.0,Put,0.07500000000000001,555.28
2024-07-08,2024-07-19,511.0,Call,45.629999999999995,555.28
2024-07-08,2024-07-19,511.0,Put,0.095,555.28
2024-07-08,2024-07-19,522.0,Call,34.68,555.28
2024-07-08,2024-07-19,522.0,Put,0.135,555.28
2024-07-08,2024-07-19,533.0,Call,23.795,555.28
2024-07-08,2024-07-19,533.0,Put,0.235,555.28
2024-07-08,2024-07-19,544.0,Call,13.260000000000002,555.28
2024-07-08,2024-07-19,544.0,Put,0.685,555.28
2024-07-08,2024-07-19,555.0,Call,4.5600000000000005,555.28
2024-07-08,2024-07-19,555.0,Put,3.075,555.28
2024-07-08,2024-07-19,566.0,Call,0.595,555.28
2024-07-08,2024-07-19,566.0,Put,10.559999999999999,555.28
2024-07-08,2024-07-19,575.0,Call,0.065,555.28
2024-07-08,2024-07-19,575.0,Put,19.465,555.28
2024-07-08,2024-07-19,590.0,Call,0.025,555.28
2024-07-08,2024-07-19,590.0,Put,34.465,555.28
2024-07-08,2024-07-19,600.0,Call,0.015,555.28
2024-07-08,2024-07-19,600.0,Put,44.46,555.28
2024-07-08,2024-07-19,610.0,Call,0.015,555.28
2024-07-08,2024-07-19,610.0,Put,54.46,555.28
2024-07-08,2024-07-19,625.0,Call,0.015,555.28
2024-07-08,2024-07-19,625.0,Put,69.46000000000001,555.28
2024-07-08,2024-07-19,640.0,Call,0.01,555.28
2024-07-08,2024-07-19,640.0,Put,84.465,555.28
2024-07-08,2024-07-19,650.0,Call,0.01,555.28
2024-07-08,2024-07-19,650.0,Put,94.465,555.28
2024-07-08,2024-08-02,390.0,Call,167.235,555.28
2024-07-08,2024-08-02,390.0,Put,0.045,555.28
2024-07-08,2024-08-02,400.0,Call,157.285,555.28
2024-07-08,2024-08-02,400.0,Put,0.045,555.28
2024-07-08,2024-08-02,420.0,Call,137.39,555.28
2024-07-08,2024-08-02,420.0,Put,0.065,555.28
2024-07-08,2024-08-02,430.0,Call,127.44,555.28
2024-07-08,2024-08-02,430.0,Put,0.07500000000000001,555.28
2024-07-08,2024-08-02,445.0,Call,112.525,555.28
2024-07-08,2024-08-02,445.0,Put,0.095,555.28
2024-07-08,2024-08-02,460.0,Call,97.61,555.28
2024-07-08,2024-08-02,460.0,Put,0.11499999999999999,555.28
2024-07-08,2024-08-02,470.0,Call,87.67,555.28
2024-07-08,2024-08-02,470.0,Put,0.135,555.28
2024-07-08,2024-08-02,485.0,Call,72.78,555.28
2024-07-08,2024-08-02,485.0,Put,0.185,555.28
2024-07-08,2024-08-02,500.0,Call,57.92,555.28
2024-07-08,2024-08-02,500.0,Put,0.255,555.28
2024-07-08,2024-08-02,510.0,Call,48.035,555.28
2024-07-08,2024-08-02,510.0,Put,0.355,555.28
2024-07-08,2024-08-02,522.0,Call,36.295,555.28
2024-07-08,2024-08-02,522.0,Put,0.565,555.28
2024-07-08,2024-08-02,533.0,Call,25.79,555.28
2024-07-08,2024-08-02,533.0,Put,1.025,555.28
2024-07-08,2024-08-02,544.0,Call,15.925,555.28
2024-07-08,2024-08-02,544.0,Put,2.145,555.28
2024-07-08,2024-08-02,555.0,Call,7.635,555.28
2024-07-08,2024-08-02,555.0,Put,4.93,555.28
2024-07-08,2024-08-02,565.0,Call,2.7800000000000002,555.28
2024-07-08,2024-08-02,565.0,Put,10.44,555.28
2024-07-08,2024-08-02,575.0,Call,0.69,555.28
2024-07-08,2024-08-02,575.0,Put,19.465,555.28
2024-07-08,2024-08-02,590.0,Call,0.07500000000000001,555.28
2024-07-08,2024-08-02,590.0,Put,34.46,555.28
2024-07-08,2024-08-02,600.0,Call,0.045,555.28
2024-07-08,2024-08-02,600.0,Put,44.46,555.28
2024-07-08,2024-08-02,610.0,Call,0.035,555.28
2024-07-08,2024-08-02,610.0,Put,54.46,555.28
2024-07-08,2024-08-02,625.0,Call,0.025,555.28
2024-07-08,2024-08-02,625.0,Put,69.465,555.28
2024-07-08,2024-08-30,390.0,Call,169.195,555.28
2024-07-08,2024-08-30,390.0,Put,0.125,555.28
2024-07-08,2024-08-30,405.0,Call,154.35,555.28
2024-07-08,2024-08-30,405.0,Put,0.155,555.28
2024-07-08,2024-08-30,415.0,Call,144.465,555.28
2024-07-08,2024-08-30,415.0,Put,0.175,555.28
2024-07-08,2024-08-30,430.0,Call,129.64,555.28
2024-07-08,2024-08-30,430.0,Put,0.225,555.28
2024-07-08,2024-08-30,445.0,Call,114.83000000000001,555.28
2024-07-08,2024-08-30,445.0,Put,0.275,555.28
2024-07-08,2024-08-30,458.0,Call,102.005,555.28
2024-07-08,2024-08-30,458.0,Put,0.345,555.28
2024-07-08,2024-08-30,472.0,Call,88.22,555.28
2024-07-08,2024-08-30,472.0,Put,0.445,555.28
2024-07-08,2024-08-30,486.0,Call,74.49,555.28
2024-07-08,2024-08-30,486.0,Put,0.585,555.28
2024-07-08,2024-08-30,500.0,Call,60.795,555.28
2024-07-08,2024-08-30,500.0,Put,0.835,555.28
2024-07-08,2024-08-30,511.0,Call,50.21,555.28
2024-07-08,2024-08-30,511.0,Put,1.16,555.28
2024-07-08,2024-08-30,522.0,Call,39.84,555.28
2024-07-08,2024-08-30,522.0,Put,1.72,555.28
2024-07-08,2024-08-30,533.0,Call,29.845,555.28
2024-07-08,2024-08-30,533.0,Put,2.665,555.28
2024-07-08,2024-08-30,544.0,Call,20.5,555.28
2024-07-08,2024-08-30,544.0,Put,4.3149999999999995,555.28
2024-07-08,2024-08-30,555.0,Call,12.335,555.28
2024-07-08,2024-08-30,555.0,Put,7.285,555.28
2024-07-08,2024-08-30,565.0,Call,6.609999999999999,555.28
2024-07-08,2024-08-30,565.0,Put,11.995000000000001,555.28
2024-07-08,2024-08-30,575.0,Call,2.975,555.28
2024-07-08,2024-08-30,575.0,Put,19.58,555.28
2024-07-08,2024-08-30,590.0,Call,0.6799999999999999,555.28
2024-07-08,2024-08-30,590.0,Put,34.465,555.28
2024-07-08,2024-08-30,600.0,Call,0.245,555.28
2024-07-08,2024-08-30,600.0,Put,44.465,555.28
2024-07-08,2024-08-30,610.0,Call,0.11499999999999999,555.28
2024-07-08,2024-08-30,610.0,Put,54.459999999999994,555.28
2024-07-08,2024-08-30,625.0,Call,0.055,555.28
2024-07-08,2024-08-30,625.0,Put,69.465,555.28
2024-07-08,2024-08-30,640.0,Call,0.045,555.28
2024-07-08,2024-08-30,640.0,Put,84.465,555.28
2024-07-10,2024-07-24,510.0,Call,52.345,561.32
2024-07-10,2024-07-24,510.0,Put,0.165,561.32
2024-07-10,2024-07-24,520.0,Call,42.41,561.32
2024-07-10,2024-07-24,520.0,Put,0.20500000000000002,561.32
2024-07-10,2024-07-24,530.0,Call,32.57,561.32
2024-07-10,2024-07-24,530.0,Put,0.275,561.32
2024-07-10,2024-07-24,540.0,Call,22.725,561.32
2024-07-10,2024-07-24,540.0,Put,0.46499999999999997,561.32
2024-07-10,2024-07-24,550.0,Call,13.365,561.32
2024-07-10,2024-07-24,550.0,Put,1.05,561.32
2024-07-10,2024-07-24,561.0,Call,4.9350000000000005,561.32
2024-07-10,2024-07-24,561.0,Put,3.685,561.32
2024-07-10,2024-07-24,570.0,Call,1.245,561.32
2024-07-10,2024-07-24,570.0,Put,9.325,561.32
2024-07-10,2024-07-24,580.0,Call,0.14500000000000002,561.32
2024-07-10,2024-07-24,580.0,Put,18.85,561.32
2024-07-10,2024-07-24,590.0,Call,0.035,561.32
2024-07-10,2024-07-24,590.0,Put,28.85,561.32
2024-07-10,2024-07-24,610.0,Call,0.015,561.32
2024-07-10,2024-07-24,610.0,Put,48.85,561.32
2024-07-10,2024-08-09,450.0,Call,113.60499999999999,561.32
2024-07-10,2024-08-09,450.0,Put,0.155,561.32
2024-07-10,2024-08-09,465.0,Call,98.72,561.32
2024-07-10,2024-08-09,465.0,Put,0.195,561.32
2024-07-10,2024-08-09,475.0,Call,88.805,561.32
2024-07-10,2024-08-09,475.0,Put,0.225,561.32
2024-07-10,2024-08-09,490.0,Call,73.94,561.32
2024-07-10,2024-08-09,490.0,Put,0.295,561.32
2024-07-10,2024-08-09,505.0,Call,59.125,561.32
2024-07-10,2024-08-09,505.0,Put,0.405,561.32
2024-07-10,2024-08-09,515.0,Call,49.28,561.32
2024-07-10,2024-08-09,515.0,Put,0.525,561.32
2024-07-10,2024-08-09,528.0,Call,36.655,561.32
2024-07-10,2024-08-09,528.0,Put,0.85,561.32
2024-07-10,2024-08-09,539.0,Call,26.29,561.32
2024-07-10,2024-08-09,539.0,Put,1.45,561.32
2024-07-10,2024-08-09,550.0,Call,16.595,561.32
2024-07-10,2024-08-09,550.0,Put,2.745,561.32
2024-07-10,2024-08-09,561.0,Call,8.440000000000001,561.32
2024-07-10,2024-08-09,561.0,Put,5.705,561.32
2024-07-10,2024-08-09,575.0,Call,2.2300000000000004,561.32
2024-07-10,2024-08-09,575.0,Put,14.23,561.32
2024-07-10,2024-08-09,585.0,Call,0.605,561.32
2024-07-10,2024-08-09,585.0,Put,23.85,561.32
2024-07-10,2024-08-09,595.0,Call,0.155,561.32
2024-07-10,2024-08-09,595.0,Put,33.86,561.32
2024-07-10,2024-08-09,605.0,Call,0.055,561.32
2024-07-10,2024-08-09,605.0,Put,43.86,561.32
2024-07-10,2024-08-09,615.0,Call,0.035,561.32
2024-07-10,2024-08-09,615.0,Put,53.86,561.32
2024-07-10,2024-08-09,630.0,Call,0.025,561.32
2024-07-10,2024-08-09,630.0,Put,68.85499999999999,561.32
2024-07-10,2024-08-09,635.0,Call,0.025,561.32
2024-07-10,2024-08-09,635.0,Put,73.85499999999999,561.32
2024-07-10,2024-08-30,395.0,Call,169.76999999999998,561.32
2024-07-10,2024-08-30,395.0,Put,0.14500000000000002,561.32
2024-07-10,2024-08-30,405.0,Call,159.885,561.32
2024-07-10,2024-08-30,405.0,Put,0.165,561.32
2024-07-10,2024-08-30,420.0,Call,145.04000000000002,561.32
2024-07-10,2024-08-30,420.0,Put,0.195,561.32
2024-07-10,2024-08-30,435.0,Call,130.21,561.32
2024-07-10,2024-08-30,435.0,Put,0.245,561.32
2024-07-10,2024-08-30,450.0,Call,115.4,561.32
2024-07-10,2024-08-30,450.0,Put,0.305,561.32
2024-07-10,2024-08-30,463.0,Call,102.57,561.32
2024-07-10,2024-08-30,463.0,Put,0.375,561.32
2024-07-10,2024-08-30,477.0,Call,88.785,561.32
2024-07-10,2024-08-30,477.0,Put,0.475,561.32
2024-07-10,2024-08-30,491.0,Call,75.05000000000001,561.32
2024-07-10,2024-08-30,491.0,Put,0.625,561.32
2024-07-10,2024-08-30,505.0,Call,61.35,561.32
2024-07-10,2024-08-30,505.0,Put,0.865,561.32
2024-07-10,2024-08-30,516.0,Call,50.754999999999995,561.32
2024-07-10,2024-08-30,516.0,Put,1.19,561.32
2024-07-10,2024-08-30,528.0,Call,39.44,561.32
2024-07-10,2024-08-30,528.0,Put,1.8,561.32
2024-07-10,2024-08-30,539.0,Call,29.455,561.32
2024-07-10,2024-08-30,539.0,Put,2.76,561.32
2024-07-10,2024-08-30,550.0,Call,20.134999999999998,561.32
2024-07-10,2024-08-30,550.0,Put,4.445,561.32
2024-07-10,2024-08-30,561.0,Call,12.04,561.32
2024-07-10,2024-08-30,561.0,Put,7.505000000000001,561.32
2024-07-10,2024-08-30,573.0,Call,5.574999999999999,561.32
2024-07-10,2024-08-30,573.0,Put,13.629999999999999,561.32
2024-07-10,2024-08-30,585.0,Call,2.0149999999999997,561.32
2024-07-10,2024-08-30,585.0,Put,23.855,561.32
2024-07-10,2024-08-30,595.0,Call,0.74,561.32
2024-07-10,2024-08-30,595.0,Put,33.86,561.32
2024-07-10,2024-08-30,605.0,Call,0.265,561.32
2024-07-10,2024-08-30,605.0,Put,43.85,561.32
2024-07-10,2024-08-30,615.0,Call,0.11499999999999999,561.32
2024-07-10,2024-08-30,615.0,Put,53.855000000000004,561.32
2024-07-10,2024-08-30,630.0,Call,0.055,561.32
2024-07-10,2024-08-30,630.0,Put,68.85499999999999,561.32
2024-07-10,2024-08-30,640.0,Call,0.045,561.32
2024-07-10,2024-08-30,640.0,Put,78.86,561.32
2024-07-12,2024-07-26,390.0,Call,170.7,559.99
2024-07-12,2024-07-26,390.0,Put,0.015,559.99
2024-07-12,2024-07-26,410.0,Call,150.75,559.99
2024-07-12,2024-07-26,410.0,Put,0.025,559.99
2024-07-12,2024-07-26,420.0,Call,140.78,559.99
2024-07-12,2024-07-26,420.0,Put,0.035,559.99
2024-07-12,2024-07-26,435.0,Call,125.825,559.99
2024-07-12,2024-07-26,435.0,Put,0.045,559.99
2024-07-12,2024-07-26,450.0,Call,110.87,559.99
2024-07-12,2024-07-26,450.0,Put,0.055,559.99
2024-07-12,2024-07-26,460.0,Call,100.9,559.99
2024-07-12,2024-07-26,460.0,Put,0.065,559.99
2024-07-12,2024-07-26,475.0,Call,85.945,559.99
2024-07-12,2024-07-26,475.0,Put,0.08499999999999999,559.99
2024-07-12,2024-07-26,490.0,Call,70.995,559.99
2024-07-12,2024-07-26,490.0,Put,0.095,559.99
2024-07-12,2024-07-26,505.0,Call,56.05500000000001,559.99
2024-07-12,2024-07-26,505.0,Put,0.125,559.99
2024-07-12,2024-07-26,515.0,Call,46.065,559.99
2024-07-12,2024-07-26,515.0,Put,0.14500000000000002,559.99
2024-07-12,2024-07-26,526.0,Call,35.14,559.99
2024-07-12,2024-07-26,526.0,Put,0.195,559.99
2024-07-12,2024-07-26,537.5,Call,23.8,559.99
2024-07-12,2024-07-26,537.5,Put,0.345,559.99
2024-07-12,2024-07-26,549.0,Call,12.940000000000001,559.99
2024-07-12,2024-07-26,549.0,Put,0.97,559.99
2024-07-12,2024-07-26,560.0,Call,4.5600000000000005,559.99
2024-07-12,2024-07-26,560.0,Put,3.67,559.99
2024-07-12,2024-07-26,571.0,Call,0.74,559.99
2024-07-12,2024-07-26,571.0,Put,11.344999999999999,559.99
2024-07-12,2024-07-26,580.0,Call,0.10500000000000001,559.99
2024-07-12,2024-07-26,580.0,Put,20.195,559.99
2024-07-12,2024-07-26,595.0,Call,0.025,559.99
2024-07-12,2024-07-26,595.0,Put,35.2,559.99
2024-07-12,2024-07-26,605.0,Call,0.015,559.99
2024-07-12,2024-07-26,605.0,Put,45.2,559.99
2024-07-12,2024-07-26,615.0,Call,0.015,559.99
2024-07-12,2024-07-26,615.0,Put,55.2,559.99
2024-07-12,2024-07-26,630.0,Call,0.005,559.99
2024-07-12,2024-07-26,630.0,Put,70.195,559.99
2024-07-12,2024-07-26,635.0,Call,0.005,559.99
2024-07-12,2024-07-26,635.0,Put,75.195,559.99
2024-07-12,2024-08-09,450.0,Call,111.945,559.99
2024-07-12,2024-08-09,450.0,Put,0.14500000000000002,559.99
2024-07-12,2024-08-09,460.0,Call,102.00999999999999,559.99
2024-07-12,2024-08-09,460.0,Put,0.165,559.99
2024-07-12,2024-08-09,475.0,Call,87.115,559.99
2024-07-12,2024-08-09,475.0,Put,0.20500000000000002,559.99
2024-07-12,2024-08-09,490.0,Call,72.22999999999999,559.99
2024-07-12,2024-08-09,490.0,Put,0.255,559.99
2024-07-12,2024-08-09,505.0,Call,57.385,559.99
2024-07-12,2024-08-09,505.0,Put,0.345,559.99
2024-07-12,2024-08-09,515.0,Call,47.545,559.99
2024-07-12,2024-08-09,515.0,Put,0.455,559.99
2024-07-12,2024-08-09,526.0,Call,36.81,559.99
2024-07-12,2024-08-09,526.0,Put,0.67,559.99
2024-07-12,2024-08-09,537.5,Call,25.855,559.99
2024-07-12,2024-08-09,537.5,Put,1.19,559.99
2024-07-12,2024-08-09,549.0,Call,15.620000000000001,559.99
2024-07-12,2024-08-09,549.0,Put,2.4450000000000003,559.99
2024-07-12,2024-08-09,560.0,Call,7.525,559.99
2024-07-12,2024-08-09,560.0,Put,5.470000000000001,559.99
2024-07-12,2024-08-09,571.0,Call,2.56,559.99
2024-07-12,2024-08-09,571.0,Put,11.955,559.99
2024-07-12,2024-08-09,580.0,Call,0.81,559.99
2024-07-12,2024-08-09,580.0,Put,20.245,559.99
2024-07-12,2024-08-09,595.0,Call,0.10500000000000001,559.99
2024-07-12,2024-08-09,595.0,Put,35.265,559.99
2024-07-12,2024-08-09,605.0,Call,0.045,559.99
2024-07-12,2024-08-09,605.0,Put,45.265,559.99
2024-07-12,2024-08-09,615.0,Call,0.025,559.99
2024-07-12,2024-08-09,615.0,Put,55.239999999999995,559.99
2024-07-12,2024-08-09,630.0,Call,0.015,559.99
2024-07-12,2024-08-09,630.0,Put,70.245,559.99
2024-07-12,2024-08-09,635.0,Call,0.015,559.99
2024-07-12,2024-08-09,635.0,Put,75.245,559.99
2024-07-12,2024-08-30,390.0,Call,173.10500000000002,559.99
2024-07-12,2024-08-30,390.0,Put,0.11499999999999999,559.99
2024-07-12,2024-08-30,405.0,Call,158.23000000000002,559.99
2024-07-12,2024-08-30,405.0,Put,0.14500000000000002,559.99
2024-07-12,2024-08-30,420.0,Call,143.4,559.99
2024-07-12,2024-08-30,420.0,Put,0.185,559.99
2024-07-12,2024-08-30,435.0,Call,128.54,559.99
2024-07-12,2024-08-30,435.0,Put,0.225,559.99
2024-07-12,2024-08-30,450.0,Call,113.73,559.99
2024-07-12,2024-08-30,450.0,Put,0.28,559.99
2024-07-12,2024-08-30,462.0,Call,101.88,559.99
2024-07-12,2024-08-30,462.0,Put,0.33999999999999997,559.99
2024-07-12,2024-08-30,476.0,Call,88.055,559.99
2024-07-12,2024-08-30,476.0,Put,0.43,559.99
2024-07-12,2024-08-30,490.0,Call,74.315,559.99
2024-07-12,2024-08-30,490.0,Put,0.56,559.99
2024-07-12,2024-08-30,504.0,Call,60.61,559.99
2024-07-12,2024-08-30,504.0,Put,0.78,559.99
2024-07-12,2024-08-30,515.0,Call,49.985,559.99
2024-07-12,2024-08-30,515.0,Put,1.0750000000000002,559.99
2024-07-12,2024-08-30,526.0,Call,39.56,559.99
2024-07-12,2024-08-30,526.0,Put,1.585,559.99
2024-07-12,2024-08-30,538.0,Call,28.595,559.99
2024-07-12,2024-08-30,538.0,Put,2.57,559.99
2024-07-12,2024-08-30,549.0,Call,19.25,559.99
2024-07-12,2024-08-30,549.0,Put,4.225,559.99
2024-07-12,2024-08-30,560.0,Call,11.2,559.99
2024-07-12,2024-08-30,560.0,Put,7.345,559.99
2024-07-12,2024-08-30,571.0,Call,5.380000000000001,559.99
2024-07-12,2024-08-30,571.0,Put,13.0,559.99
2024-07-12,2024-08-30,580.0,Call,2.5549999999999997,559.99
2024-07-12,2024-08-30,580.0,Put,20.314999999999998,559.99
2024-07-12,2024-08-30,595.0,Call,0.58,559.99
2024-07-12,2024-08-30,595.0,Put,35.269999999999996,559.99
2024-07-12,2024-08-30,605.0,Call,0.215,559.99
2024-07-12,2024-08-30,605.0,Put,45.245,559.99
2024-07-12,2024-08-30,615.0,Call,0.095,559.99
2024-07-12,2024-08-30,615.0,Put,55.245,559.99
2024-07-12,2024-08-30,630.0,Call,0.045,559.99
2024-07-12,2024-08-30,630.0,Put,70.24000000000001,559.99
2024-07-12,2024-08-30,640.0,Call,0.035,559.99
2024-07-12,2024-08-30,640.0,Put,80.24000000000001,559.99
2024-07-15,2024-07-29,510.0,Call,52.61,561.53
2024-07-15,2024-07-29,510.0,Put,0.135,561.53
2024-07-15,2024-07-29,520.0,Call,42.665,561.53
2024-07-15,2024-07-29,520.0,Put,0.165,561.53
2024-07-15,2024-07-29,530.0,Call,32.745000000000005,561.53
2024-07-15,2024-07-29,530.0,Put,0.225,561.53
2024-07-15,2024-07-29,540.0,Call,22.939999999999998,561.53
2024-07-15,2024-07-29,540.0,Put,0.395,561.53
2024-07-15,2024-07-29,550.0,Call,13.58,561.53
2024-07-15,2024-07-29,550.0,Put,1.01,561.53
2024-07-15,2024-07-29,562.0,Call,4.625,561.53
2024-07-15,2024-07-29,562.0,Put,4.119999999999999,561.53
2024-07-15,2024-07-29,571.0,Call,1.22,561.53
2024-07-15,2024-07-29,571.0,Put,10.05,561.53
2024-07-15,2024-07-29,580.0,Call,0.195,561.53
2024-07-15,2024-07-29,580.0,Put,18.63,561.53
2024-07-15,2024-07-29,600.0,Call,0.025,561.53
2024-07-15,2024-07-29,600.0,Put,38.629999999999995,561.53
2024-07-15,2024-07-29,610.0,Call,0.015,561.53
2024-07-15,2024-07-29,610.0,Put,48.629999999999995,561.53
2024-07-15,2024-08-09,450.0,Call,113.455,561.53
2024-07-15,2024-08-09,450.0,Put,0.125,561.53
2024-07-15,2024-08-09,465.0,Call,98.55,561.53
2024-07-15,2024-08-09,465.0,Put,0.155,561.53
2024-07-15,2024-08-09,475.0,Call,88.62,561.53
2024-07-15,2024-08-09,475.0,Put,0.185,561.53
2024-07-15,2024-08-09,490.0,Call,73.725,561.53
2024-07-15,2024-08-09,490.0,Put,0.235,561.53
2024-07-15,2024-08-09,505.0,Call,58.875,561.53
2024-07-15,2024-08-09,505.0,Put,0.315,561.53
2024-07-15,2024-08-09,515.0,Call,49.04,561.53
2024-07-15,2024-08-09,515.0,Put,0.415,561.53
2024-07-15,2024-08-09,528.0,Call,36.34,561.53
2024-07-15,2024-08-09,528.0,Put,0.665,561.53
2024-07-15,2024-08-09,539.0,Call,25.895,561.53
2024-07-15,2024-08-09,539.0,Put,1.18,561.53
2024-07-15,2024-08-09,550.0,Call,16.125,561.53
2024-07-15,2024-08-09,550.0,Put,2.4000000000000004,561.53
2024-07-15,2024-08-09,562.0,Call,7.365,561.53
2024-07-15,2024-08-09,562.0,Put,5.779999999999999,561.53
2024-07-15,2024-08-09,573.0,Call,2.54,561.53
2024-07-15,2024-08-09,573.0,Put,12.364999999999998,561.53
2024-07-15,2024-08-09,585.0,Call,0.525,561.53
2024-07-15,2024-08-09,585.0,Put,23.63,561.53
2024-07-15,2024-08-09,595.0,Call,0.135,561.53
2024-07-15,2024-08-09,595.0,Put,33.63,561.53
2024-07-15,2024-08-09,605.0,Call,0.055,561.53
2024-07-15,2024-08-09,605.0,Put,43.63,561.53
2024-07-15,2024-08-09,620.0,Call,0.025,561.53
2024-07-15,2024-08-09,620.0,Put,58.63,561.53
2024-07-15,2024-08-09,630.0,Call,0.015,561.53
2024-07-15,2024-08-09,630.0,Put,68.63,561.53
2024-07-15,2024-08-09,635.0,Call,0.015,561.53
2024-07-15,2024-08-09,635.0,Put,73.63499999999999,561.53
2024-07-15,2024-08-30,395.0,Call,169.735,561.53
2024-07-15,2024-08-30,395.0,Put,0.11499999999999999,561.53
2024-07-15,2024-08-30,405.0,Call,159.82999999999998,561.53
2024-07-15,2024-08-30,405.0,Put,0.135,561.53
2024-07-15,2024-08-30,420.0,Call,144.975,561.53
2024-07-15,2024-08-30,420.0,Put,0.165,561.53
2024-07-15,2024-08-30,435.0,Call,130.13,561.53
2024-07-15,2024-08-30,435.0,Put,0.215,561.53
2024-07-15,2024-08-30,450.0,Call,115.3,561.53
2024-07-15,2024-08-30,450.0,Put,0.265,561.53
2024-07-15,2024-08-30,463.0,Call,102.455,561.53
2024-07-15,2024-08-30,463.0,Put,0.325,561.53
2024-07-15,2024-08-30,477.0,Call,88.65,561.53
2024-07-15,2024-08-30,477.0,Put,0.415,561.53
2024-07-15,2024-08-30,491.0,Call,74.89,561.53
2024-07-15,2024-08-30,491.0,Put,0.545,561.53
2024-07-15,2024-08-30,505.0,Call,61.17,561.53
2024-07-15,2024-08-30,505.0,Put,0.77,561.53
2024-07-15,2024-08-30,517.0,Call,49.58,561.53
2024-07-15,2024-08-30,517.0,Put,1.1,561.53
2024-07-15,2024-08-30,528.0,Call,39.175,561.53
2024-07-15,2024-08-30,528.0,Put,1.63,561.53
2024-07-15,2024-08-30,539.0,Call,29.15,561.53
2024-07-15,2024-08-30,539.0,Put,2.5549999999999997,561.53
2024-07-15,2024-08-30,550.0,Call,19.82,561.53
2024-07-15,2024-08-30,550.0,Put,4.210000000000001,561.53
2024-07-15,2024-08-30,562.0,Call,11.105,561.53
2024-07-15,2024-08-30,562.0,Put,7.675000000000001,561.53
2024-07-15,2024-08-30,573.0,Call,5.4,561.53
2024-07-15,2024-08-30,573.0,Put,13.46,561.53
2024-07-15,2024-08-30,585.0,Call,1.98,561.53
2024-07-15,2024-08-30,585.0,Put,23.635,561.53
2024-07-15,2024-08-30,595.0,Call,0.74,561.53
2024-07-15,2024-08-30,595.0,Put,33.63,561.53
2024-07-15,2024-08-30,605.0,Call,0.265,561.53
2024-07-15,2024-08-30,605.0,Put,43.615,561.53
2024-07-15,2024-08-30,620.0,Call,0.08499999999999999,561.53
2024-07-15,2024-08-30,620.0,Put,58.635000000000005,561.53
2024-07-15,2024-08-30,630.0,Call,0.055,561.53
2024-07-15,2024-08-30,630.0,Put,68.63,561.53
2024-07-15,2024-08-30,640.0,Call,0.035,561.53
2024-07-15,2024-08-30,640.0,Put,78.63499999999999,561.53
2024-07-17,2024-07-31,390.0,Call,167.64,556.94
2024-07-17,2024-07-31,390.0,Put,0.025,556.94
2024-07-17,2024-07-31,405.0,Call,152.68,556.94
2024-07-17,2024-07-31,405.0,Put,0.035,556.94
2024-07-17,2024-07-31,420.0,Call,137.72500000000002,556.94
2024-07-17,2024-07-31,420.0,Put,0.045,556.94
2024-07-17,2024-07-31,430.0,Call,127.755,556.94
2024-07-17,2024-07-31,430.0,Put,0.055,556.94
2024-07-17,2024-07-31,446.0,Call,111.805,556.94
2024-07-17,2024-07-31,446.0,Put,0.065,556.94
2024-07-17,2024-07-31,459.0,Call,98.85499999999999,556.94
2024-07-17,2024-07-31,459.0,Put,0.08499999999999999,556.94
2024-07-17,2024-07-31,473.0,Call,84.905,556.94
2024-07-17,2024-07-31,473.0,Put,0.10500000000000001,556.94
2024-07-17,2024-07-31,487.0,Call,70.96000000000001,556.94
2024-07-17,2024-07-31,487.0,Put,0.135,556.94
2024-07-17,2024-07-31,501.0,Call,57.03,556.94
2024-07-17,2024-07-31,501.0,Put,0.175,556.94
2024-07-17,2024-07-31,512.0,Call,46.120000000000005,556.94
2024-07-17,2024-07-31,512.0,Put,0.225,556.94
2024-07-17,2024-07-31,524.0,Call,34.25,556.94
2024-07-17,2024-07-31,524.0,Put,0.335,556.94
2024-07-17,2024-07-31,535.0,Call,23.59,556.94
2024-07-17,2024-07-31,535.0,Put,0.645,556.94
2024-07-17,2024-07-31,546.0,Call,13.64,556.94
2024-07-17,2024-07-31,546.0,Put,1.68,556.94
2024-07-17,2024-07-31,557.0,Call,5.755,556.94
2024-07-17,2024-07-31,557.0,Put,4.8100000000000005,556.94
2024-07-17,2024-07-31,568.0,Call,1.455,556.94
2024-07-17,2024-07-31,568.0,Put,11.774999999999999,556.94
2024-07-17,2024-07-31,579.0,Call,0.20500000000000002,556.94
2024-07-17,2024-07-31,579.0,Put,22.244999999999997,556.94
2024-07-17,2024-07-31,590.0,Call,0.045,556.94
2024-07-17,2024-07-31,590.0,Put,33.245000000000005,556.94
2024-07-17,2024-07-31,600.0,Call,0.015,556.94
2024-07-17,2024-07-31,600.0,Put,43.245000000000005,556.94
2024-07-17,2024-07-31,615.0,Call,0.015,556.94
2024-07-17,2024-07-31,615.0,Put,58.245000000000005,556.94
2024-07-17,2024-07-31,625.0,Call,0.01,556.94
2024-07-17,2024-07-31,625.0,Put,68.245,556.94
2024-07-17,2024-07-31,640.0,Call,0.01,556.94
2024-07-17,2024-07-31,640.0,Put,83.245,556.94
2024-07-17,2024-07-31,645.0,Call,0.01,556.94
2024-07-17,2024-07-31,645.0,Put,88.245,556.94
2024-07-17,2024-08-16,390.0,Call,168.89999999999998,556.94
2024-07-17,2024-08-16,390.0,Put,0.08499999999999999,556.94
2024-07-17,2024-08-16,405.0,Call,154.0,556.94
2024-07-17,2024-08-16,405.0,Put,0.11499999999999999,556.94
2024-07-17,2024-08-16,420.0,Call,139.11,556.94
2024-07-17,2024-08-16,420.0,Put,0.14500000000000002,556.94
2024-07-17,2024-08-16,430.0,Call,129.18,556.94
2024-07-17,2024-08-16,430.0,Put,0.165,556.94
2024-07-17,2024-08-16,445.0,Call,114.28999999999999,556.94
2024-07-17,2024-08-16,445.0,Put,0.215,556.94
2024-07-17,2024-08-16,460.0,Call,99.41499999999999,556.94
2024-07-17,2024-08-16,460.0,Put,0.265,556.94
2024-07-17,2024-08-16,473.0,Call,86.53999999999999,556.94
2024-07-17,2024-08-16,473.0,Put,0.325,556.94
2024-07-17,2024-08-16,487.0,Call,72.695,556.94
2024-07-17,2024-08-16,487.0,Put,0.415,556.94
2024-07-17,2024-08-16,501.0,Call,58.905,556.94
2024-07-17,2024-08-16,501.0,Put,0.555,556.94
2024-07-17,2024-08-16,512.0,Call,48.17,556.94
2024-07-17,2024-08-16,512.0,Put,0.755,556.94
2024-07-17,2024-08-16,524.0,Call,36.650000000000006,556.94
2024-07-17,2024-08-16,524.0,Put,1.18,556.94
2024-07-17,2024-08-16,535.0,Call,26.47,556.94
2024-07-17,2024-08-16,535.0,Put,1.9649999999999999,556.94
2024-07-17,2024-08-16,546.0,Call,17.08,556.94
2024-07-17,2024-08-16,546.0,Put,3.585,556.94
2024-07-17,2024-08-16,557.0,Call,9.18,556.94
2024-07-17,2024-08-16,557.0,Put,6.800000000000001,556.94
2024-07-17,2024-08-16,568.0,Call,3.795,556.94
2024-07-17,2024-08-16,568.0,Put,12.844999999999999,556.94
2024-07-17,2024-08-16,580.0,Call,1.045,556.94
2024-07-17,2024-08-16,580.0,Put,23.244999999999997,556.94
2024-07-17,2024-08-16,590.0,Call,0.28500000000000003,556.94
2024-07-17,2024-08-16,590.0,Put,33.245,556.94
2024-07-17,2024-08-16,600.0,Call,0.095,556.94
2024-07-17,2024-08-16,600.0,Put,43.245,556.94
2024-07-17,2024-08-16,615.0,Call,0.035,556.94
2024-07-17,2024-08-16,615.0,Put,58.245,556.94
2024-07-17,2024-08-16,625.0,Call,0.025,556.94
2024-07-17,2024-08-16,625.0,Put,68.245,556.94
2024-07-17,2024-08-16,640.0,Call,0.015,556.94
2024-07-17,2024-08-16,640.0,Put,83.245,556.94
2024-07-17,2024-08-16,650.0,Call,0.015,556.94
2024-07-17,2024-08-16,650.0,Put,93.24000000000001,556.94
2024-07-17,2024-09-20,390.0,Call,171.235,556.94
2024-07-17,2024-09-20,390.0,Put,0.265,556.94
2024-07-17,2024-09-20,405.0,Call,156.435,556.94
2024-07-17,2024-09-20,405.0,Put,0.335,556.94
2024-07-17,2024-09-20,420.0,Call,141.78,556.94
2024-07-17,2024-09-20,420.0,Put,0.415,556.94
2024-07-17,2024-09-20,430.0,Call,131.81,556.94
2024-07-17,2024-09-20,430.0,Put,0.475,556.94
2024-07-17,2024-09-20,445.0,Call,117.06,556.94
2024-07-17,2024-09-20,445.0,Put,0.595,556.94
2024-07-17,2024-09-20,460.0,Call,102.34,556.94
2024-07-17,2024-09-20,460.0,Put,0.745,556.94
2024-07-17,2024-09-20,475.0,Call,87.69,556.94
2024-07-17,2024-09-20,475.0,Put,0.965,556.94
2024-07-17,2024-09-20,485.0,Call,77.975,556.94
2024-07-17,2024-09-20,485.0,Put,1.1749999999999998,556.94
2024-07-17,2024-09-20,500.0,Call,63.56,556.94
2024-07-17,2024-09-20,500.0,Put,1.66,556.94
2024-07-17,2024-09-20,510.0,Call,54.099999999999994,556.94
2024-07-17,2024-09-20,510.0,Put,2.1500000000000004,556.94
2024-07-17,2024-09-20,524.0,Call,41.224999999999994,556.94
2024-07-17,2024-09-20,524.0,Put,3.2300000000000004,556.94
2024-07-17,2024-09-20,535.0,Call,31.585,556.94
2024-07-17,2024-09-20,535.0,Put,4.595000000000001,556.94
2024-07-17,2024-09-20,546.0,Call,22.555,556.94
2024-07-17,2024-09-20,546.0,Put,6.665,556.94
2024-07-17,2024-09-20,557.0,Call,14.695,556.94
2024-07-17,2024-09-20,557.0,Put,9.895,556.94
2024-07-17,2024-09-20,568.0,Call,8.43,556.94
2024-07-17,2024-09-20,568.0,Put,15.055,556.94
2024-07-17,2024-09-20,579.0,Call,4.26,556.94
2024-07-17,2024-09-20,579.0,Put,22.799999999999997,556.94
2024-07-17,2024-09-20,590.0,Call,1.94,556.94
2024-07-17,2024-09-20,590.0,Put,33.245000000000005,556.94
2024-07-17,2024-09-20,600.0,Call,0.865,556.94
2024-07-17,2024-09-20,600.0,Put,43.245000000000005,556.94
2024-07-17,2024-09-20,615.0,Call,0.265,556.94
2024-07-17,2024-09-20,615.0,Put,58.245000000000005,556.94
2024-07-17,2024-09-20,625.0,Call,0.135,556.94
2024-07-17,2024-09-20,625.0,Put,68.25,556.94
2024-07-17,2024-09-20,640.0,Call,0.07500000000000001,556.94
2024-07-17,2024-09-20,640.0,Put,83.25,556.94
2024-07-17,2024-09-20,655.0,Call,0.045,556.94
2024-07-17,2024-09-20,655.0,Put,98.245,556.94
2024-07-17,2024-09-20,670.0,Call,0.035,556.94
2024-07-17,2024-09-20,670.0,Put,113.25,556.94
2024-07-17,2024-09-20,680.0,Call,0.025,556.94
2024-07-17,2024-09-20,680.0,Put,123.25,556.94
2024-07-17,2024-09-20,695.0,Call,0.015,556.94
2024-07-17,2024-09-20,695.0,Put,138.25,556.94
2024-07-17,2024-09-20,700.0,Call,0.015,556.94
2024-07-17,2024-09-20,700.0,Put,143.25,556.94
2024-07-19,2024-08-02,380.0,Call,169.465,548.99
2024-07-19,2024-08-02,380.0,Put,0.035,548.99
2024-07-19,2024-08-02,400.0,Call,149.515,548.99
2024-07-19,2024-08-02,400.0,Put,0.045,548.99
2024-07-19,2024-08-02,410.0,Call,139.555,548.99
2024-07-19,2024-08-02,410.0,Put,0.055,548.99
2024-07-19,2024-08-02,430.0,Call,119.625,548.99
2024-07-19,2024-08-02,430.0,Put,0.08499999999999999,548.99
2024-07-19,2024-08-02,440.0,Call,109.66499999999999,548.99
2024-07-19,2024-08-02,440.0,Put,0.095,548.99
2024-07-19,2024-08-02,455.0,Call,94.735,548.99
2024-07-19,2024-08-02,455.0,Put,0.135,548.99
2024-07-19,2024-08-02,465.0,Call,84.775,548.99
2024-07-19,2024-08-02,465.0,Put,0.165,548.99
2024-07-19,2024-08-02,480.0,Call,69.86500000000001,548.99
2024-07-19,2024-08-02,480.0,Put,0.225,548.99
2024-07-19,2024-08-02,495.0,Call,54.974999999999994,548.99
2024-07-19,2024-08-02,495.0,Put,0.295,548.99
2024-07-19,2024-08-02,505.0,Call,45.085,548.99
2024-07-19,2024-08-02,505.0,Put,0.385,548.99
2024-07-19,2024-08-02,516.0,Call,34.33,548.99
2024-07-19,2024-08-02,516.0,Put,0.58,548.99
2024-07-19,2024-08-02,527.0,Call,23.85,548.99
2024-07-19,2024-08-02,527.0,Put,1.08,548.99
2024-07-19,2024-08-02,538.0,Call,14.23,548.99
2024-07-19,2024-08-02,538.0,Put,2.45,548.99
2024-07-19,2024-08-02,549.0,Call,6.455,548.99
2024-07-19,2024-08-02,549.0,Put,5.725,548.99
2024-07-19,2024-08-02,560.0,Call,1.8050000000000002,548.99
2024-07-19,2024-08-02,560.0,Put,12.33,548.99
2024-07-19,2024-08-02,571.0,Call,0.28500000000000003,548.99
2024-07-19,2024-08-02,571.0,Put,22.54,548.99
2024-07-19,2024-08-02,580.0,Call,0.065,548.99
2024-07-19,2024-08-02,580.0,Put,31.525,548.99
2024-07-19,2024-08-02,595.0,Call,0.015,548.99
2024-07-19,2024-08-02,595.0,Put,46.525000000000006,548.99
2024-07-19,2024-08-02,605.0,Call,0.015,548.99
2024-07-19,2024-08-02,605.0,Put,56.525000000000006,548.99
2024-07-19,2024-08-02,620.0,Call,0.01,548.99
2024-07-19,2024-08-02,620.0,Put,71.525,548.99
2024-07-19,2024-08-02,630.0,Call,0.01,548.99
2024-07-19,2024-08-02,630.0,Put,81.53999999999999,548.99
2024-07-19,2024-08-02,645.0,Call,0.005,548.99
2024-07-19,2024-08-02,645.0,Put,96.535,548.99
2024-07-19,2024-08-16,385.0,Call,165.47500000000002,548.99
2024-07-19,2024-08-16,385.0,Put,0.11499999999999999,548.99
2024-07-19,2024-08-16,400.0,Call,150.57,548.99
2024-07-19,2024-08-16,400.0,Put,0.14500000000000002,548.99
2024-07-19,2024-08-16,410.0,Call,140.64,548.99
2024-07-19,2024-08-16,410.0,Put,0.175,548.99
2024-07-19,2024-08-16,425.0,Call,125.755,548.99
2024-07-19,2024-08-16,425.0,Put,0.225,548.99
2024-07-19,2024-08-16,440.0,Call,110.88499999999999,548.99
2024-07-19,2024-08-16,440.0,Put,0.28500000000000003,548.99
2024-07-19,2024-08-16,455.0,Call,96.03,548.99
2024-07-19,2024-08-16,455.0,Put,0.375,548.99
2024-07-19,2024-08-16,465.0,Call,86.14,548.99
2024-07-19,2024-08-16,465.0,Put,0.435,548.99
2024-07-19,2024-08-16,480.0,Call,71.34,548.99
2024-07-19,2024-08-16,480.0,Put,0.565,548.99
2024-07-19,2024-08-16,494.0,Call,57.599999999999994,548.99
2024-07-19,2024-08-16,494.0,Put,0.775,548.99
2024-07-19,2024-08-16,505.0,Call,46.925,548.99
2024-07-19,2024-08-16,505.0,Put,1.045,548.99
2024-07-19,2024-08-16,516.0,Call,36.47,548.99
2024-07-19,2024-08-16,516.0,Put,1.55,548.99
2024-07-19,2024-08-16,527.0,Call,26.435000000000002,548.99
2024-07-19,2024-08-16,527.0,Put,2.49,548.99
2024-07-19,2024-08-16,538.0,Call,17.240000000000002,548.99
2024-07-19,2024-08-16,538.0,Put,4.295,548.99
2024-07-19,2024-08-16,549.0,Call,9.45,548.99
2024-07-19,2024-08-16,549.0,Put,7.6,548.99
2024-07-19,2024-08-16,560.0,Call,3.91,548.99
2024-07-19,2024-08-16,560.0,Put,13.455,548.99
2024-07-19,2024-08-16,571.0,Call,1.165,548.99
2024-07-19,2024-08-16,571.0,Put,22.564999999999998,548.99
2024-07-19,2024-08-16,580.0,Call,0.365,548.99
2024-07-19,2024-08-16,580.0,Put,31.53,548.99
2024-07-19,2024-08-16,595.0,Call,0.065,548.99
2024-07-19,2024-08-16,595.0,Put,46.53,548.99
2024-07-19,2024-08-16,605.0,Call,0.045,548.99
2024-07-19,2024-08-16,605.0,Put,56.53,548.99
2024-07-19,2024-08-16,620.0,Call,0.015,548.99
2024-07-19,2024-08-16,620.0,Put,71.535,548.99
2024-07-19,2024-08-16,630.0,Call,0.015,548.99
2024-07-19,2024-08-16,630.0,Put,81.535,548.99
2024-07-19,2024-08-16,645.0,Call,0.015,548.99
2024-07-19,2024-08-16,645.0,Put,96.525,548.99
2024-07-19,2024-08-16,650.0,Call,0.01,548.99
2024-07-19,2024-08-16,650.0,Put,101.525,548.99
2024-07-19,2024-09-20,385.0,Call,167.85000000000002,548.99
2024-07-19,2024-09-20,385.0,Put,0.365,548.99
2024-07-19,2024-09-20,400.0,Call,153.065,548.99
2024-07-19,2024-09-20,400.0,Put,0.455,548.99
2024-07-19,2024-09-20,410.0,Call,143.22,548.99
2024-07-19,2024-09-20,410.0,Put,0.525,548.99
2024-07-19,2024-09-20,425.0,Call,128.465,548.99
2024-07-19,2024-09-20,425.0,Put,0.645,548.99
2024-07-19,2024-09-20,440.0,Call,113.73500000000001,548.99
2024-07-19,2024-09-20,440.0,Put,0.805,548.99
2024-07-19,2024-09-20,455.0,Call,99.07,548.99
2024-07-19,2024-09-20,455.0,Put,1.01,548.99
2024-07-19,2024-09-20,465.0,Call,89.315,548.99
2024-07-19,2024-09-20,465.0,Put,1.19,548.99
2024-07-19,2024-09-20,480.0,Call,74.795,548.99
2024-07-19,2024-09-20,480.0,Put,1.5750000000000002,548.99
2024-07-19,2024-09-20,495.0,Call,60.495000000000005,548.99
2024-07-19,2024-09-20,495.0,Put,2.1799999999999997,548.99
2024-07-19,2024-09-20,505.0,Call,51.16,548.99
2024-07-19,2024-09-20,505.0,Put,2.8,548.99
2024-07-19,2024-09-20,515.0,Call,42.06,548.99
2024-07-19,2024-09-20,515.0,Put,3.6799999999999997,548.99
2024-07-19,2024-09-20,527.0,Call,31.65,548.99
2024-07-19,2024-09-20,527.0,Put,5.275,548.99
2024-07-19,2024-09-20,538.0,Call,22.810000000000002,548.99
2024-07-19,2024-09-20,538.0,Put,7.475,548.99
2024-07-19,2024-09-20,549.0,Call,14.935,548.99
2024-07-19,2024-09-20,549.0,Put,10.785,548.99
2024-07-19,2024-09-20,560.0,Call,8.585,548.99
2024-07-19,2024-09-20,560.0,Put,15.825,548.99
2024-07-19,2024-09-20,571.0,Call,4.245,548.99
2024-07-19,2024-09-20,571.0,Put,23.36,548.99
2024-07-19,2024-09-20,582.0,Call,1.865,548.99
2024-07-19,2024-09-20,582.0,Put,33.525000000000006,548.99
2024-07-19,2024-09-20,595.0,Call,0.64,548.99
2024-07-19,2024-09-20,595.0,Put,46.53,548.99
2024-07-19,2024-09-20,605.0,Call,0.295,548.99
2024-07-19,2024-09-20,605.0,Put,56.535,548.99
2024-07-19,2024-09-20,620.0,Call,0.11499999999999999,548.99
2024-07-19,2024-09-20,620.0,Put,71.525,548.99
2024-07-19,2024-09-20,630.0,Call,0.07500000000000001,548.99
2024-07-19,2024-09-20,630.0,Put,81.53999999999999,548.99
2024-07-19,2024-09-20,645.0,Call,0.045,548.99
2024-07-19,2024-09-20,645.0,Put,96.53,548.99
2024-07-19,2024-09-20,660.0,Call,0.035,548.99
2024-07-19,2024-09-20,660.0,Put,111.525,548.99
2024-07-19,2024-09-20,675.0,Call,0.025,548.99
2024-07-19,2024-09-20,675.0,Put,126.535,548.99
2024-07-19,2024-09-20,685.0,Call,0.015,548.99
2024-07-19,2024-09-20,685.0,Put,136.535,548.99
2024-07-19,2024-09-20,700.0,Call,0.015,548.99
2024-07-19,2024-09-20,700.0,Put,151.53,548.99
2024-07-22,2024-08-05,500.0,Call,56.08,554.65
2024-07-22,2024-08-05,500.0,Put,0.155,554.65
2024-07-22,2024-08-05,510.0,Call,46.144999999999996,554.65
2024-07-22,2024-08-05,510.0,Put,0.20500000000000002,554.65
2024-07-22,2024-08-05,520.0,Call,36.265,554.65
2024-07-22,2024-08-05,520.0,Put,0.295,554.65
2024-07-22,2024-08-05,530.0,Call,26.555,554.65
2024-07-22,2024-08-05,530.0,Put,0.55,554.65
2024-07-22,2024-08-05,544.0,Call,13.89,554.65
2024-07-22,2024-08-05,544.0,Put,1.86,554.65
2024-07-22,2024-08-05,555.0,Call,6.005,554.65
2024-07-22,2024-08-05,555.0,Put,5.045,554.65
2024-07-22,2024-08-05,570.0,Call,0.745,554.65
2024-07-22,2024-08-05,570.0,Put,15.325,554.65
2024-07-22,2024-08-05,580.0,Call,0.10500000000000001,554.65
2024-07-22,2024-08-05,580.0,Put,25.25,554.65
2024-07-22,2024-08-05,590.0,Call,0.025,554.65
2024-07-22,2024-08-05,590.0,Put,35.239999999999995,554.65
2024-07-22,2024-08-05,600.0,Call,0.015,554.65
2024-07-22,2024-08-05,600.0,Put,45.25,554.65
2024-07-22,2024-08-16,390.0,Call,166.62,554.65
2024-07-22,2024-08-16,390.0,Put,0.065,554.65
2024-07-22,2024-08-16,400.0,Call,156.67000000000002,554.65
2024-07-22,2024-08-16,400.0,Put,0.07500000000000001,554.65
2024-07-22,2024-08-16,415.0,Call,141.76,554.65
2024-07-22,2024-08-16,415.0,Put,0.095,554.65
2024-07-22,2024-08-16,430.0,Call,126.85,554.65
2024-07-22,2024-08-16,430.0,Put,0.125,554.65
2024-07-22,2024-08-16,445.0,Call,111.945,554.65
2024-07-22,2024-08-16,445.0,Put,0.155,554.65
2024-07-22,2024-08-16,458.0,Call,99.035,554.65
2024-07-22,2024-08-16,458.0,Put,0.195,554.65
2024-07-22,2024-08-16,471.0,Call,86.14,554.65
2024-07-22,2024-08-16,471.0,Put,0.255,554.65
2024-07-22,2024-08-16,485.0,Call,72.27,554.65
2024-07-22,2024-08-16,485.0,Put,0.325,554.65
2024-07-22,2024-08-16,499.0,Call,58.44,554.65
2024-07-22,2024-08-16,499.0,Put,0.435,554.65
2024-07-22,2024-08-16,510.0,Call,47.655,554.65
2024-07-22,2024-08-16,510.0,Put,0.595,554.65
2024-07-22,2024-08-16,521.0,Call,37.010000000000005,554.65
2024-07-22,2024-08-16,521.0,Put,0.925,554.65
2024-07-22,2024-08-16,532.0,Call,26.755000000000003,554.65
2024-07-22,2024-08-16,532.0,Put,1.63,554.65
2024-07-22,2024-08-16,544.0,Call,16.435000000000002,554.65
2024-07-22,2024-08-16,544.0,Put,3.3200000000000003,554.65
2024-07-22,2024-08-16,555.0,Call,8.575,554.65
2024-07-22,2024-08-16,555.0,Put,6.5600000000000005,554.65
2024-07-22,2024-08-16,566.0,Call,3.29,554.65
2024-07-22,2024-08-16,566.0,Put,12.7,554.65
2024-07-22,2024-08-16,577.0,Call,0.885,554.65
2024-07-22,2024-08-16,577.0,Put,22.23,554.65
2024-07-22,2024-08-16,590.0,Call,0.14500000000000002,554.65
2024-07-22,2024-08-16,590.0,Put,35.23,554.65
2024-07-22,2024-08-16,600.0,Call,0.055,554.65
2024-07-22,2024-08-16,600.0,Put,45.23,554.65
2024-07-22,2024-08-16,610.0,Call,0.035,554.65
2024-07-22,2024-08-16,610.0,Put,55.239999999999995,554.65
2024-07-22,2024-08-16,625.0,Call,0.015,554.65
2024-07-22,2024-08-16,625.0,Put,70.24000000000001,554.65
2024-07-22,2024-08-16,640.0,Call,0.015,554.65
2024-07-22,2024-08-16,640.0,Put,85.235,554.65
2024-07-22,2024-08-16,650.0,Call,0.01,554.65
2024-07-22,2024-08-16,650.0,Put,95.23,554.65
2024-07-22,2024-09-20,390.0,Call,168.975,554.65
2024-07-22,2024-09-20,390.0,Put,0.245,554.65
2024-07-22,2024-09-20,400.0,Call,159.11,554.65
2024-07-22,2024-09-20,400.0,Put,0.28500000000000003,554.65
2024-07-22,2024-09-20,415.0,Call,144.31,554.65
2024-07-22,2024-09-20,415.0,Put,0.365,554.65
2024-07-22,2024-09-20,430.0,Call,129.51999999999998,554.65
2024-07-22,2024-09-20,430.0,Put,0.455,554.65
2024-07-22,2024-09-20,445.0,Call,114.755,554.65
2024-07-22,2024-09-20,445.0,Put,0.575,554.65
2024-07-22,2024-09-20,460.0,Call,100.035,554.65
2024-07-22,2024-09-20,460.0,Put,0.725,554.65
2024-07-22,2024-09-20,470.0,Call,90.23,554.65
2024-07-22,2024-09-20,470.0,Put,0.855,554.65
2024-07-22,2024-09-20,485.0,Call,75.63,554.65
2024-07-22,2024-09-20,485.0,Put,1.145,554.65
2024-07-22,2024-09-20,500.0,Call,61.205,554.65
2024-07-22,2024-09-20,500.0,Put,1.625,554.65
2024-07-22,2024-09-20,510.0,Call,51.75,554.65
2024-07-22,2024-09-20,510.0,Put,2.135,554.65
2024-07-22,2024-09-20,521.0,Call,41.625,554.65
2024-07-22,2024-09-20,521.0,Put,2.975,554.65
2024-07-22,2024-09-20,532.0,Call,31.905,554.65
2024-07-22,2024-09-20,532.0,Put,4.27,554.65
2024-07-22,2024-09-20,544.0,Call,22.025,554.65
2024-07-22,2024-09-20,544.0,Put,6.5,554.65
2024-07-22,2024-09-20,555.0,Call,14.129999999999999,554.65
2024-07-22,2024-09-20,555.0,Put,9.75,554.65
2024-07-22,2024-09-20,566.0,Call,7.904999999999999,554.65
2024-07-22,2024-09-20,566.0,Put,14.975,554.65
2024-07-22,2024-09-20,577.0,Call,3.835,554.65
2024-07-22,2024-09-20,577.0,Put,22.845,554.65
2024-07-22,2024-09-20,590.0,Call,1.39,554.65
2024-07-22,2024-09-20,590.0,Put,35.230000000000004,554.65
2024-07-22,2024-09-20,600.0,Call,0.59,554.65
2024-07-22,2024-09-20,600.0,Put,45.235,554.65
2024-07-22,2024-09-20,610.0,Call,0.265,554.65
2024-07-22,2024-09-20,610.0,Put,55.230000000000004,554.65
2024-07-22,2024-09-20,625.0,Call,0.10500000000000001,554.65
2024-07-22,2024-09-20,625.0,Put,70.235,554.65
2024-07-22,2024-09-20,640.0,Call,0.055,554.65
2024-07-22,2024-09-20,640.0,Put,85.235,554.65
2024-07-22,2024-09-20,650.0,Call,0.035,554.65
2024-07-22,2024-09-20,650.0,Put,95.235,554.65
2024-07-22,2024-09-20,665.0,Call,0.025,554.65
2024-07-22,2024-09-20,665.0,Put,110.235,554.65
2024-07-22,2024-09-20,680.0,Call,0.015,554.65
2024-07-22,2024-09-20,680.0,Put,125.22999999999999,554.65
2024-07-22,2024-09-20,695.0,Call,0.015,554.65
2024-07-22,2024-09-20,695.0,Put,140.235,554.65
2024-07-22,2024-09-20,700.0,Call,0.015,554.65
2024-07-22,2024-09-20,700.0,Put,145.235,554.65
2024-07-24,2024-08-07,500.0,Call,43.615,541.23
2024-07-24,2024-08-07,500.0,Put,0.54,541.23
2024-07-24,2024-08-07,510.0,Call,33.925,541.23
2024-07-24,2024-08-07,510.0,Put,0.81,541.23
2024-07-24,2024-08-07,520.0,Call,24.494999999999997,541.23
2024-07-24,2024-08-07,520.0,Put,1.395,541.23
2024-07-24,2024-08-07,530.0,Call,15.805,541.23
2024-07-24,2024-08-07,530.0,Put,2.7,541.23
2024-07-24,2024-08-07,540.0,Call,8.629999999999999,541.23
2024-07-24,2024-08-07,540.0,Put,5.46,541.23
2024-07-24,2024-08-07,552.0,Call,2.8600000000000003,541.23
2024-07-24,2024-08-07,552.0,Put,12.04,541.23
2024-07-24,2024-08-07,563.0,Call,0.7,541.23
2024-07-24,2024-08-07,563.0,Put,21.14,541.23
2024-07-24,2024-08-07,570.0,Call,0.28,541.23
2024-07-24,2024-08-07,570.0,Put,28.085,541.23
2024-07-24,2024-08-07,580.0,Call,0.085,541.23
2024-07-24,2024-08-07,580.0,Put,38.08,541.23
2024-07-24,2024-08-07,600.0,Call,0.02,541.23
2024-07-24,2024-08-07,600.0,Put,58.08,541.23
2024-07-24,2024-08-23,450.0,Call,94.745,541.23
2024-07-24,2024-08-23,450.0,Put,0.45499999999999996,541.23
2024-07-24,2024-08-23,460.0,Call,84.89500000000001,541.23
2024-07-24,2024-08-23,460.0,Put,0.545,541.23
2024-07-24,2024-08-23,475.0,Call,70.18,541.23
2024-07-24,2024-08-23,475.0,Put,0.75,541.23
2024-07-24,2024-08-23,485.0,Call,60.42,541.23
2024-07-24,2024-08-23,485.0,Put,0.9450000000000001,541.23
2024-07-24,2024-08-23,500.0,Call,46.0,541.23
2024-07-24,2024-08-23,500.0,Put,1.4449999999999998,541.23
2024-07-24,2024-08-23,510.0,Call,36.64,541.23
2024-07-24,2024-08-23,510.0,Put,2.045,541.23
2024-07-24,2024-08-23,520.0,Call,27.689999999999998,541.23
2024-07-24,2024-08-23,520.0,Put,3.05,541.23
2024-07-24,2024-08-23,530.0,Call,19.439999999999998,541.23
2024-07-24,2024-08-23,530.0,Put,4.805,541.23
2024-07-24,2024-08-23,541.0,Call,11.605,541.23
2024-07-24,2024-08-23,541.0,Put,8.045,541.23
2024-07-24,2024-08-23,552.0,Call,5.675,541.23
2024-07-24,2024-08-23,552.0,Put,13.469999999999999,541.23
2024-07-24,2024-08-23,563.0,Call,2.185,541.23
2024-07-24,2024-08-23,563.0,Put,21.564999999999998,541.23
2024-07-24,2024-08-23,574.0,Call,0.71,541.23
2024-07-24,2024-08-23,574.0,Put,32.075,541.23
2024-07-24,2024-08-23,585.0,Call,0.22499999999999998,541.23
2024-07-24,2024-08-23,585.0,Put,43.08,541.23
2024-07-24,2024-08-23,595.0,Call,0.09,541.23
2024-07-24,2024-08-23,595.0,Put,53.075,541.23
2024-07-24,2024-08-23,610.0,Call,0.03,541.23
2024-07-24,2024-08-23,610.0,Put,68.07499999999999,541.23
2024-07-24,2024-08-23,620.0,Call,0.02,541.23
2024-07-24,2024-08-23,620.0,Put,78.08500000000001,541.23
2024-07-24,2024-08-23,635.0,Call,0.015,541.23
2024-07-24,2024-08-23,635.0,Put,93.085,541.23
2024-07-24,2024-08-23,645.0,Call,0.015,541.23
2024-07-24,2024-08-23,645.0,Put,103.075,541.23
2024-07-24,2024-09-20,380.0,Call,165.95,541.23
2024-07-24,2024-09-20,380.0,Put,0.36,541.23
2024-07-24,2024-09-20,390.0,Call,156.095,541.23
2024-07-24,2024-09-20,390.0,Put,0.42,541.23
2024-07-24,2024-09-20,405.0,Call,141.31,541.23
2024-07-24,2024-09-20,405.0,Put,0.54,541.23
2024-07-24,2024-09-20,420.0,Call,126.615,541.23
2024-07-24,2024-09-20,420.0,Put,0.6799999999999999,541.23
2024-07-24,2024-09-20,435.0,Call,111.9,541.23
2024-07-24,2024-09-20,435.0,Put,0.86,541.23
2024-07-24,2024-09-20,445.0,Call,102.12,541.23
2024-07-24,2024-09-20,445.0,Put,1.0150000000000001,541.23
2024-07-24,2024-09-20,460.0,Call,87.52000000000001,541.23
2024-07-24,2024-09-20,460.0,Put,1.3050000000000002,541.23
2024-07-24,2024-09-20,475.0,Call,73.05000000000001,541.23
2024-07-24,2024-09-20,475.0,Put,1.7349999999999999,541.23
2024-07-24,2024-09-20,485.0,Call,63.519999999999996,541.23
2024-07-24,2024-09-20,485.0,Put,2.15,541.23
2024-07-24,2024-09-20,500.0,Call,49.555,541.23
2024-07-24,2024-09-20,500.0,Put,3.11,541.23
2024-07-24,2024-09-20,510.0,Call,40.565,541.23
2024-07-24,2024-09-20,510.0,Put,4.105,541.23
2024-07-24,2024-09-20,520.0,Call,31.99,541.23
2024-07-24,2024-09-20,520.0,Put,5.56,541.23
2024-07-24,2024-09-20,530.0,Call,24.075,541.23
2024-07-24,2024-09-20,530.0,Put,7.63,541.23
2024-07-24,2024-09-20,541.0,Call,16.285,541.23
2024-07-24,2024-09-20,541.0,Put,10.93,541.23
2024-07-24,2024-09-20,552.0,Call,9.690000000000001,541.23
2024-07-24,2024-09-20,552.0,Put,15.715,541.23
2024-07-24,2024-09-20,563.0,Call,5.045,541.23
2024-07-24,2024-09-20,563.0,Put,22.689999999999998,541.23
2024-07-24,2024-09-20,574.0,Call,2.325,541.23
2024-07-24,2024-09-20,574.0,Put,32.075,541.23
2024-07-24,2024-09-20,585.0,Call,0.985,541.23
2024-07-24,2024-09-20,585.0,Put,43.015,541.23
2024-07-24,2024-09-20,595.0,Call,0.44,541.23
2024-07-24,2024-09-20,595.0,Put,53.015,541.23
2024-07-24,2024-09-20,610.0,Call,0.14,541.23
2024-07-24,2024-09-20,610.0,Put,68.03,541.23
2024-07-24,2024-09-20,620.0,Call,0.08,541.23
2024-07-24,2024-09-20,620.0,Put,78.03,541.23
2024-07-24,2024-09-20,635.0,Call,0.04,541.23
2024-07-24,2024-09-20,635.0,Put,93.015,541.23
2024-07-24,2024-09-20,650.0,Call,0.03,541.23
2024-07-24,2024-09-20,650.0,Put,108.025,541.23
2024-07-24,2024-09-20,665.0,Call,0.02,541.23
2024-07-24,2024-09-20,665.0,Put,123.035,541.23
2024-07-24,2024-09-20,675.0,Call,0.02,541.23
2024-07-24,2024-09-20,675.0,Put,133.035,541.23
2024-07-24,2024-09-20,690.0,Call,0.02,541.23
2024-07-24,2024-09-20,690.0,Put,148.03,541.23
2024-07-24,2024-09-20,700.0,Call,0.015,541.23
2024-07-24,2024-09-20,700.0,Put,158.03,541.23
2024-07-26,2024-08-09,450.0,Call,95.58500000000001,544.44
2024-07-26,2024-08-09,450.0,Put,0.07500000000000001,544.44
2024-07-26,2024-08-09,465.0,Call,80.645,544.44
2024-07-26,2024-08-09,465.0,Put,0.10500000000000001,544.44
2024-07-26,2024-08-09,475.0,Call,70.685,544.44
2024-07-26,2024-08-09,475.0,Put,0.135,544.44
2024-07-26,2024-08-09,490.0,Call,55.785,544.44
2024-07-26,2024-08-09,490.0,Put,0.195,544.44
2024-07-26,2024-08-09,500.0,Call,45.89,544.44
2024-07-26,2024-08-09,500.0,Put,0.28500000000000003,544.44
2024-07-26,2024-08-09,510.0,Call,36.14,544.44
2024-07-26,2024-08-09,510.0,Put,0.45,544.44
2024-07-26,2024-08-09,525.0,Call,22.0,544.44
2024-07-26,2024-08-09,525.0,Put,1.29,544.44
2024-07-26,2024-08-09,534.0,Call,14.335,544.44
2024-07-26,2024-08-09,534.0,Put,2.65,544.44
2024-07-26,2024-08-09,544.0,Call,7.335,544.44
2024-07-26,2024-08-09,544.0,Put,5.710000000000001,544.44
2024-07-26,2024-08-09,555.0,Call,2.3449999999999998,544.44
2024-07-26,2024-08-09,555.0,Put,11.98,544.44
2024-07-26,2024-08-09,566.0,Call,0.405,544.44
2024-07-26,2024-08-09,566.0,Put,21.545,544.44
2024-07-26,2024-08-09,575.0,Call,0.08499999999999999,544.44
2024-07-26,2024-08-09,575.0,Put,30.509999999999998,544.44
2024-07-26,2024-08-09,590.0,Call,0.015,544.44
2024-07-26,2024-08-09,590.0,Put,45.515,544.44
2024-07-26,2024-08-09,600.0,Call,0.01,544.44
2024-07-26,2024-08-09,600.0,Put,55.505,544.44
2024-07-26,2024-08-09,610.0,Call,0.01,544.44
2024-07-26,2024-08-09,610.0,Put,65.515,544.44
2024-07-26,2024-08-09,625.0,Call,0.005,544.44
2024-07-26,2024-08-09,625.0,Put,80.535,544.44
2024-07-26,2024-08-09,640.0,Call,0.005,544.44
2024-07-26,2024-08-09,640.0,Put,95.51499999999999,544.44
2024-07-26,2024-08-09,645.0,Call,0.005,544.44
2024-07-26,2024-08-09,645.0,Put,100.525,544.44
2024-07-26,2024-08-23,450.0,Call,96.785,544.44
2024-07-26,2024-08-23,450.0,Put,0.255,544.44
2024-07-26,2024-08-23,465.0,Call,81.935,544.44
2024-07-26,2024-08-23,465.0,Put,0.345,544.44
2024-07-26,2024-08-23,475.0,Call,72.07499999999999,544.44
2024-07-26,2024-08-23,475.0,Put,0.435,544.44
2024-07-26,2024-08-23,490.0,Call,57.34,544.44
2024-07-26,2024-08-23,490.0,Put,0.64,544.44
2024-07-26,2024-08-23,500.0,Call,47.71,544.44
2024-07-26,2024-08-23,500.0,Put,0.895,544.44
2024-07-26,2024-08-23,510.0,Call,38.185,544.44
2024-07-26,2024-08-23,510.0,Put,1.335,544.44
2024-07-26,2024-08-23,525.0,Call,24.630000000000003,544.44
2024-07-26,2024-08-23,525.0,Put,2.75,544.44
2024-07-26,2024-08-23,534.0,Call,17.295,544.44
2024-07-26,2024-08-23,534.0,Put,4.4350000000000005,544.44
2024-07-26,2024-08-23,544.0,Call,10.295,544.44
2024-07-26,2024-08-23,544.0,Put,7.54,544.44
2024-07-26,2024-08-23,555.0,Call,4.645,544.44
2024-07-26,2024-08-23,555.0,Put,13.245000000000001,544.44
2024-07-26,2024-08-23,566.0,Call,1.5550000000000002,544.44
2024-07-26,2024-08-23,566.0,Put,21.83,544.44
2024-07-26,2024-08-23,575.0,Call,0.525,544.44
2024-07-26,2024-08-23,575.0,Put,30.525,544.44
2024-07-26,2024-08-23,590.0,Call,0.08499999999999999,544.44
2024-07-26,2024-08-23,590.0,Put,45.53,544.44
2024-07-26,2024-08-23,600.0,Call,0.035,544.44
2024-07-26,2024-08-23,600.0,Put,55.53,544.44
2024-07-26,2024-08-23,610.0,Call,0.02,544.44
2024-07-26,2024-08-23,610.0,Put,65.52,544.44
2024-07-26,2024-08-23,625.0,Call,0.015,544.44
2024-07-26,2024-08-23,625.0,Put,80.515,544.44
2024-07-26,2024-08-23,640.0,Call,0.01,544.44
2024-07-26,2024-08-23,640.0,Put,95.53,544.44
2024-07-26,2024-08-23,645.0,Call,0.01,544.44
2024-07-26,2024-08-23,645.0,Put,100.52,544.44
2024-07-26,2024-09-20,380.0,Call,168.13,544.44
2024-07-26,2024-09-20,380.0,Put,0.235,544.44
2024-07-26,2024-09-20,395.0,Call,153.315,544.44
2024-07-26,2024-09-20,395.0,Put,0.305,544.44
2024-07-26,2024-09-20,410.0,Call,138.515,544.44
2024-07-26,2024-09-20,410.0,Put,0.405,544.44
2024-07-26,2024-09-20,420.0,Call,128.655,544.44
2024-07-26,2024-09-20,420.0,Put,0.475,544.44
2024-07-26,2024-09-20,435.0,Call,113.89500000000001,544.44
2024-07-26,2024-09-20,435.0,Put,0.605,544.44
2024-07-26,2024-09-20,450.0,Call,99.16,544.44
2024-07-26,2024-09-20,450.0,Put,0.775,544.44
2024-07-26,2024-09-20,465.0,Call,84.5,544.44
2024-07-26,2024-09-20,465.0,Put,1.025,544.44
2024-07-26,2024-09-20,475.0,Call,74.795,544.44
2024-07-26,2024-09-20,475.0,Put,1.2650000000000001,544.44
2024-07-26,2024-09-20,490.0,Call,60.405,544.44
2024-07-26,2024-09-20,490.0,Put,1.8050000000000002,544.44
2024-07-26,2024-09-20,501.0,Call,50.08,544.44
2024-07-26,2024-09-20,501.0,Put,2.4400000000000004,544.44
2024-07-26,2024-09-20,512.0,Call,40.07,544.44
2024-07-26,2024-09-20,512.0,Put,3.425,544.44
2024-07-26,2024-09-20,523.0,Call,30.560000000000002,544.44
2024-07-26,2024-09-20,523.0,Put,4.9399999999999995,544.44
2024-07-26,2024-09-20,534.0,Call,21.810000000000002,544.44
2024-07-26,2024-09-20,534.0,Put,7.25,544.44
2024-07-26,2024-09-20,544.0,Call,14.805,544.44
2024-07-26,2024-09-20,544.0,Put,10.344999999999999,544.44
2024-07-26,2024-09-20,555.0,Call,8.52,544.44
2024-07-26,2024-09-20,555.0,Put,15.385,544.44
2024-07-26,2024-09-20,566.0,Call,4.1899999999999995,544.44
2024-07-26,2024-09-20,566.0,Put,22.795,544.44
2024-07-26,2024-09-20,577.0,Call,1.78,544.44
2024-07-26,2024-09-20,577.0,Put,32.535,544.44
2024-07-26,2024-09-20,590.0,Call,0.575,544.44
2024-07-26,2024-09-20,590.0,Put,45.525,544.44
2024-07-26,2024-09-20,600.0,Call,0.245,544.44
2024-07-26,2024-09-20,600.0,Put,55.519999999999996,544.44
2024-07-26,2024-09-20,610.0,Call,0.11499999999999999,544.44
2024-07-26,2024-09-20,610.0,Put,65.58500000000001,544.44
2024-07-26,2024-09-20,625.0,Call,0.055,544.44
2024-07-26,2024-09-20,625.0,Put,80.52000000000001,544.44
2024-07-26,2024-09-20,640.0,Call,0.025,544.44
2024-07-26,2024-09-20,640.0,Put,95.525,544.44
2024-07-26,2024-09-20,655.0,Call,0.025,544.44
2024-07-26,2024-09-20,655.0,Put,110.52,544.44
2024-07-26,2024-09-20,665.0,Call,0.015,544.44
2024-07-26,2024-09-20,665.0,Put,120.515,544.44
2024-07-26,2024-09-20,680.0,Call,0.015,544.44
2024-07-26,2024-09-20,680.0,Put,135.515,544.44
2024-07-26,2024-09-20,695.0,Call,0.015,544.44
2024-07-26,2024-09-20,695.0,Put,150.51,544.44
2024-07-26,2024-09-20,700.0,Call,0.015,544.44
2024-07-26,2024-09-20,700.0,Put,155.515,544.44
2024-07-29,2024-08-12,490.0,Call,55.965,544.76
2024-07-29,2024-08-12,490.0,Put,0.14500000000000002,544.76
2024-07-29,2024-08-12,500.0,Call,46.045,544.76
2024-07-29,2024-08-12,500.0,Put,0.20500000000000002,544.76
2024-07-29,2024-08-12,510.0,Call,36.21,544.76
2024-07-29,2024-08-12,510.0,Put,0.355,544.76
2024-07-29,2024-08-12,520.0,Call,26.64,544.76
2024-07-29,2024-08-12,520.0,Put,0.74,544.76
2024-07-29,2024-08-12,534.0,Call,14.415,544.76
2024-07-29,2024-08-12,534.0,Put,2.51,544.76
2024-07-29,2024-08-12,545.0,Call,6.875,544.76
2024-07-29,2024-08-12,545.0,Put,6.050000000000001,544.76
2024-07-29,2024-08-12,553.0,Call,3.135,544.76
2024-07-29,2024-08-12,553.0,Put,10.469999999999999,544.76
2024-07-29,2024-08-12,570.0,Call,0.195,544.76
2024-07-29,2024-08-12,570.0,Put,25.299999999999997,544.76
2024-07-29,2024-08-12,580.0,Call,0.035,544.76
2024-07-29,2024-08-12,580.0,Put,35.3,544.76
2024-07-29,2024-08-12,590.0,Call,0.015,544.76
2024-07-29,2024-08-12,590.0,Put,45.3,544.76
2024-07-29,2024-08-23,450.0,Call,96.88499999999999,544.76
2024-07-29,2024-08-23,450.0,Put,0.195,544.76
2024-07-29,2024-08-23,465.0,Call,82.015,544.76
2024-07-29,2024-08-23,465.0,Put,0.265,544.76
2024-07-29,2024-08-23,475.0,Call,72.12,544.76
2024-07-29,2024-08-23,475.0,Put,0.325,544.76
2024-07-29,2024-08-23,490.0,Call,57.365,544.76
2024-07-29,2024-08-23,490.0,Put,0.495,544.76
2024-07-29,2024-08-23,500.0,Call,47.645,544.76
2024-07-29,2024-08-23,500.0,Put,0.71,544.76
2024-07-29,2024-08-23,510.0,Call,38.07,544.76
2024-07-29,2024-08-23,510.0,Put,1.11,544.76
2024-07-29,2024-08-23,523.0,Call,26.185000000000002,544.76
2024-07-29,2024-08-23,523.0,Put,2.1950000000000003,544.76
2024-07-29,2024-08-23,534.0,Call,17.11,544.76
2024-07-29,2024-08-23,534.0,Put,4.135,544.76
2024-07-29,2024-08-23,545.0,Call,9.55,544.76
2024-07-29,2024-08-23,545.0,Put,7.695,544.76
2024-07-29,2024-08-23,556.0,Call,4.205,544.76
2024-07-29,2024-08-23,556.0,Put,13.695,544.76
2024-07-29,2024-08-23,567.0,Call,1.34,544.76
2024-07-29,2024-08-23,567.0,Put,22.509999999999998,544.76
2024-07-29,2024-08-23,575.0,Call,0.475,544.76
2024-07-29,2024-08-23,575.0,Put,30.3,544.76
2024-07-29,2024-08-23,590.0,Call,0.07500000000000001,544.76
2024-07-29,2024-08-23,590.0,Put,45.3,544.76
2024-07-29,2024-08-23,600.0,Call,0.045,544.76
2024-07-29,2024-08-23,600.0,Put,55.3,544.76
2024-07-29,2024-08-23,615.0,Call,0.015,544.76
2024-07-29,2024-08-23,615.0,Put,70.3,544.76
2024-07-29,2024-08-23,625.0,Call,0.015,544.76
2024-07-29,2024-08-23,625.0,Put,80.305,544.76
2024-07-29,2024-08-23,640.0,Call,0.01,544.76
2024-07-29,2024-08-23,640.0,Put,95.30000000000001,544.76
2024-07-29,2024-08-23,645.0,Call,0.01,544.76
2024-07-29,2024-08-23,645.0,Put,100.30000000000001,544.76
2024-07-29,2024-09-20,380.0,Call,168.255,544.76
2024-07-29,2024-09-20,380.0,Put,0.195,544.76
2024-07-29,2024-09-20,395.0,Call,153.43,544.76
2024-07-29,2024-09-20,395.0,Put,0.255,544.76
2024-07-29,2024-09-20,410.0,Call,138.595,544.76
2024-07-29,2024-09-20,410.0,Put,0.335,544.76
2024-07-29,2024-09-20,420.0,Call,128.75,544.76
2024-07-29,2024-09-20,420.0,Put,0.395,544.76
2024-07-29,2024-09-20,435.0,Call,113.97,544.76
2024-07-29,2024-09-20,435.0,Put,0.515,544.76
2024-07-29,2024-09-20,450.0,Call,99.22,544.76
2024-07-29,2024-09-20,450.0,Put,0.665,544.76
2024-07-29,2024-09-20,465.0,Call,84.535,544.76
2024-07-29,2024-09-20,465.0,Put,0.885,544.76
2024-07-29,2024-09-20,475.0,Call,74.785,544.76
2024-07-29,2024-09-20,475.0,Put,1.105,544.76
2024-07-29,2024-09-20,490.0,Call,60.385000000000005,544.76
2024-07-29,2024-09-20,490.0,Put,1.6150000000000002,544.76
2024-07-29,2024-09-20,501.0,Call,50.03,544.76
2024-07-29,2024-09-20,501.0,Put,2.2300000000000004,544.76
2024-07-29,2024-09-20,512.0,Call,39.995000000000005,544.76
2024-07-29,2024-09-20,512.0,Put,3.1799999999999997,544.76
2024-07-29,2024-09-20,523.0,Call,30.475,544.76
2024-07-29,2024-09-20,523.0,Put,4.6899999999999995,544.76
2024-07-29,2024-09-20,534.0,Call,21.67,544.76
2024-07-29,2024-09-20,534.0,Put,7.015000000000001,544.76
2024-07-29,2024-09-20,545.0,Call,14.065,544.76
2024-07-29,2024-09-20,545.0,Put,10.530000000000001,544.76
2024-07-29,2024-09-20,556.0,Call,8.004999999999999,544.76
2024-07-29,2024-09-20,556.0,Put,15.805,544.76
2024-07-29,2024-09-20,567.0,Call,3.895,544.76
2024-07-29,2024-09-20,567.0,Put,23.415,544.76
2024-07-29,2024-09-20,577.0,Call,1.77,544.76
2024-07-29,2024-09-20,577.0,Put,32.305,544.76
2024-07-29,2024-09-20,590.0,Call,0.565,544.76
2024-07-29,2024-09-20,590.0,Put,45.334999999999994,544.76
2024-07-29,2024-09-20,600.0,Call,0.245,544.76
2024-07-29,2024-09-20,600.0,Put,55.3,544.76
2024-07-29,2024-09-20,615.0,Call,0.08499999999999999,544.76
2024-07-29,2024-09-20,615.0,Put,70.295,544.76
2024-07-29,2024-09-20,625.0,Call,0.055,544.76
2024-07-29,2024-09-20,625.0,Put,80.30000000000001,544.76
2024-07-29,2024-09-20,640.0,Call,0.035,544.76
2024-07-29,2024-09-20,640.0,Put,95.295,544.76
2024-07-29,2024-09-20,655.0,Call,0.025,544.76
2024-07-29,2024-09-20,655.0,Put,110.33000000000001,544.76
2024-07-29,2024-09-20,665.0,Call,0.015,544.76
2024-07-29,2024-09-20,665.0,Put,120.295,544.76
2024-07-29,2024-09-20,680.0,Call,0.015,544.76
2024-07-29,2024-09-20,680.0,Put,135.29500000000002,544.76
2024-07-29,2024-09-20,695.0,Call,0.015,544.76
2024-07-29,2024-09-20,695.0,Put,150.32999999999998,544.76
2024-07-29,2024-09-20,700.0,Call,0.015,544.76
2024-07-29,2024-09-20,700.0,Put,155.295,544.76
